order_id,customer_id,product_id,quantity,unit_price,total_amount,order_date,status,payment_method,shipping_address_city,discount_pct
ORD-10613,CUST-1128,PROD-122,6,156.53,939.16,2024-07-26,cancelled,paypal,Doha,15.0
ORD-10159,CUST-1104,PROD-123,2,42.92,85.84,2024-10-29,shipped,paypal,Toronto,0.0
ORD-10045,CUST-1016,PROD-134,7,58.37,408.58,2024-03-15,completed,apple_pay,Berlin,0.0
ORD-10078,CUST-1036,PROD-121,2,63.31,126.62,2023-11-24,processing,cash_on_delivery,Cairo,15.0
ORD-10416,CUST-1158,PROD-139,2,88.21,176.41,2024-11-22,returned,credit_card,Sydney,15.0
ORD-10785,CUST-1064,PROD-131,2,50.22,100.44,2024-02-16,completed,apple_pay,Berlin,0.0
ORD-10997,CUST-1087,PROD-101,9,202.12,1819.11,2023-05-31,completed,apple_pay,Beirut,0.0
ORD-10473,CUST-1079,PROD-103,10,136.22,1362.23,2024-02-02,returned,paypal,Dubai,0.0
ORD-10780,CUST-1117,PROD-139,8,126.8,1014.38,2024-03-22,processing,credit_card,Doha,10.0
ORD-10480,CUST-1131,PROD-141,6,150.38,902.29,2023-02-06,cancelled,paypal,Riyadh,0.0
ORD-10667,CUST-1144,PROD-141,3,39.67,119.02,2024-06-19,shipped,debit_card,London,0.0
ORD-10633,CUST-1089,PROD-106,2,129.2,258.4,2023-04-26,processing,bank_transfer,Riyadh,0.0
ORD-10312,CUST-1066,PROD-140,8,243.69,1949.55,2023-05-03,delivered,debit_card,Dubai,20.0
ORD-10419,CUST-1108,PROD-122,4,244.25,976.98,2024-10-17,shipped,cash_on_delivery,Beirut,0.0
ORD-10376,CUST-1106,PROD-143,6,200.01,1200.08,2023-06-15,returned,apple_pay,Beirut,0.0
ORD-10309,CUST-1106,PROD-111,9,118.22,1063.97,2024-04-08,cancelled,apple_pay,,20.0
ORD-10957,CUST-1187,PROD-111,4,207.68,830.73,2023-07-22,completed,paypal,Toronto,20.0
ORD-10922,CUST-1197,PROD-100,6,179.28,1075.71,2024-09-21,shipped,apple_pay,Beirut,15.0
ORD-10367,CUST-1141,PROD-104,1,130.79,130.79,2024-06-06,completed,apple_pay,,0.0
ORD-10799,CUST-1072,PROD-134,5,74.75,373.76,2024-08-06,completed,apple_pay,Jeddah,10.0
ORD-10806,CUST-1122,PROD-109,8,136.43,1091.45,2024-01-04,pending,debit_card,Dubai,0.0
ORD-10569,CUST-1042,PROD-113,8,111.2,889.6,2024-04-01,shipped,credit_card,Berlin,0.0
ORD-10786,CUST-1142,PROD-103,6,28.4,170.37,2023-01-02,returned,cash_on_delivery,Riyadh,15.0
ORD-10513,CUST-1194,PROD-135,6,224.25,1345.52,2024-04-04,delivered,credit_card,Cairo,10.0
ORD-10526,CUST-1019,PROD-139,6,34.0,203.98,2023-03-28,processing,paypal,Cairo,0.0
ORD-10280,CUST-1086,PROD-147,7,84.44,591.06,2024-01-12,shipped,credit_card,Riyadh,0.0
ORD-10116,CUST-1175,PROD-146,3,123.35,370.06,2024-05-14,shipped,credit_card,New York,15.0
ORD-10344,CUST-1005,PROD-141,10,13.53,135.28,2024-09-11,processing,cash_on_delivery,New York,5.0
ORD-10653,CUST-1107,PROD-128,6,65.61,393.67,2024-03-11,delivered,debit_card,Doha,0.0
ORD-10139,CUST-1128,PROD-106,5,197.79,197.79,2023-05-11,completed,apple_pay,London,0.0
ORD-10515,CUST-1143,PROD-149,7,103.21,722.46,2023-10-06,returned,credit_card,Toronto,0.0
ORD-10986,CUST-1132,PROD-144,2,33.55,67.09,2023-05-12,shipped,bank_transfer,Muscat,5.0
ORD-10075,CUST-1082,PROD-103,1,41.19,41.19,2024-12-22,shipped,credit_card,Amman,10.0
ORD-10421,CUST-1102,PROD-111,1,93.89,93.89,2023-03-17,completed,paypal,Riyadh,15.0
ORD-10605,CUST-1106,PROD-127,3,11.85,35.56,2024-04-13,processing,apple_pay,,0.0
ORD-10942,CUST-1180,PROD-126,5,163.84,819.21,2024-05-24,delivered,paypal,Muscat,10.0
ORD-10160,CUST-1045,PROD-123,9,140.95,1268.58,2023-09-17,completed,paypal,London,10.0
ORD-10427,CUST-1115,PROD-115,7,58.56,409.89,2024-03-11,cancelled,apple_pay,Muscat,0.0
ORD-10978,CUST-1053,PROD-148,6,52.61,315.66,2024-06-22,completed,credit_card,London,0.0
ORD-10972,CUST-1066,PROD-140,5,240.73,1203.64,2024-10-21,shipped,paypal,Abu Dhabi,0.0
ORD-10439,CUST-1100,PROD-139,3,106.69,320.06,2023-07-03,shipped,credit_card,Sydney,10.0
ORD-10490,CUST-1019,PROD-117,2,135.21,270.42,2024-01-12,delivered,paypal,Abu Dhabi,0.0
ORD-10636,CUST-1019,PROD-114,10,128.36,1283.56,2024-08-11,delivered,credit_card,New York,0.0
ORD-10880,CUST-1048,PROD-143,6,179.59,1077.55,2024-07-20,pending,paypal,Toronto,0.0
ORD-10646,CUST-1036,PROD-106,4,140.28,561.12,2024-04-06,completed,apple_pay,Dubai,0.0
ORD-10437,CUST-1033,PROD-113,5,110.89,554.45,2024-12-27,cancelled,paypal,Riyadh,0.0
ORD-10259,CUST-1036,PROD-146,9,245.98,2213.79,2023-10-14,delivered,credit_card,Kuwait City,20.0
ORD-10008,CUST-1013,PROD-117,7,170.05,1190.35,2024-09-09,returned,apple_pay,Jeddah,0.0
ORD-10387,CUST-1031,PROD-103,2,114.94,229.88,2024-09-08,processing,apple_pay,Jeddah,0.0
ORD-10787,CUST-1162,PROD-139,8,49.54,396.3,2023-12-08,completed,apple_pay,Berlin,10.0
ORD-10963,CUST-1086,PROD-133,9,27.92,251.25,2023-09-25,pending,debit_card,Jeddah,5.0
ORD-10796,CUST-1095,PROD-125,1,43.2,43.2,2024-09-05,processing,paypal,Berlin,20.0
ORD-10222,CUST-1121,PROD-108,3,52.35,157.05,2023-02-03,pending,paypal,Berlin,0.0
ORD-10137,CUST-1165,PROD-104,3,10.82,32.46,2023-12-06,pending,apple_pay,Sydney,15.0
ORD-10288,CUST-1117,PROD-146,4,159.85,639.38,2023-10-04,completed,paypal,Sydney,0.0
ORD-10018,CUST-1080,PROD-101,4,148.82,595.3,2024-12-30,cancelled,cash_on_delivery,London,10.0
ORD-10909,CUST-1057,PROD-101,7,123.43,864.02,2023-03-12,delivered,paypal,Riyadh,15.0
ORD-10954,CUST-1002,PROD-137,7,34.47,241.28,2023-10-15,returned,credit_card,Cairo,15.0
ORD-10560,CUST-1061,PROD-135,7,52.2,365.41,2024-10-21,delivered,debit_card,Amman,10.0
ORD-10538,CUST-1041,PROD-134,2,21.0,42.01,2024-09-03,completed,paypal,Muscat,0.0
ORD-10249,CUST-1072,PROD-149,6,153.09,918.53,2023-11-05,completed,paypal,Beirut,0.0
ORD-10397,CUST-1021,PROD-134,10,83.51,835.06,2024-08-26,shipped,credit_card,Amman,0.0
ORD-10940,CUST-1055,PROD-146,3,46.5,139.49,2024-11-29,delivered,paypal,Jeddah,0.0
ORD-10253,CUST-1099,PROD-139,10,114.55,1145.54,2023-07-30,shipped,cash_on_delivery,Muscat,0.0
ORD-10580,CUST-1054,PROD-100,4,119.7,478.79,2024-01-30,returned,apple_pay,Amman,20.0
ORD-10380,CUST-1195,PROD-132,8,184.48,1475.8,2023-04-12,shipped,credit_card,Toronto,0.0
ORD-10231,CUST-1047,PROD-109,1,165.05,165.05,2023-02-07,returned,paypal,Abu Dhabi,0.0
ORD-10370,CUST-1168,PROD-147,10,182.85,1828.48,2023-11-07,completed,debit_card,,5.0
ORD-10669,CUST-1152,PROD-110,2,90.86,181.72,2024-07-26,pending,bank_transfer,Cairo,0.0
ORD-10055,CUST-1100,PROD-137,2,80.99,161.98,2024-03-23,cancelled,credit_card,London,10.0
ORD-10024,CUST-1016,PROD-110,7,72.61,508.27,2023-03-11,returned,paypal,Riyadh,20.0
ORD-10400,CUST-1126,PROD-132,9,99.34,,2023-04-28,processing,paypal,Dubai,20.0
ORD-10189,CUST-1118,PROD-144,1,85.91,85.91,2023-05-30,pending,paypal,Sydney,0.0
ORD-10622,CUST-1019,PROD-116,9,55.44,498.92,2024-12-23,shipped,apple_pay,New York,15.0
ORD-10974,CUST-1062,PROD-126,3,95.22,285.67,2024-06-25,completed,bank_transfer,New York,0.0
ORD-10926,CUST-1127,PROD-137,4,135.85,543.41,2024-07-19,shipped,apple_pay,Riyadh,15.0
ORD-10631,CUST-1016,PROD-128,3,68.21,204.64,2023-10-10,returned,credit_card,New York,0.0
ORD-10665,CUST-1131,PROD-135,2,230.7,461.4,2024-11-03,completed,paypal,Abu Dhabi,0.0
ORD-10056,CUST-1030,PROD-100,3,176.87,530.6,2023-06-17,delivered,paypal,Abu Dhabi,0.0
ORD-10874,CUST-1122,PROD-132,2,143.71,287.42,2023-10-09,delivered,bank_transfer,,0.0
ORD-10158,CUST-1196,PROD-114,2,74.4,148.8,2024-10-07,completed,bank_transfer,London,0.0
ORD-10043,CUST-1015,PROD-117,3,176.85,530.55,2023-05-16,cancelled,debit_card,Cairo,0.0
ORD-10293,CUST-1116,PROD-129,3,219.18,219.18,2024-02-20,processing,credit_card,London,0.0
ORD-10057,CUST-1085,PROD-127,5,133.34,666.72,2023-09-27,shipped,debit_card,Abu Dhabi,5.0
ORD-10579,CUST-1197,PROD-146,8,60.33,482.63,2023-09-28,pending,credit_card,Doha,0.0
ORD-10296,CUST-1138,PROD-107,8,185.66,1485.26,2024-08-17,shipped,paypal,Amman,0.0
ORD-10454,CUST-1045,PROD-138,4,79.26,317.04,2024-08-13,shipped,bank_transfer,Doha,0.0
ORD-10151,CUST-1042,PROD-114,2,131.06,262.13,2023-10-15,delivered,credit_card,Beirut,0.0
ORD-10205,CUST-1059,PROD-116,5,27.52,137.58,2024-02-14,cancelled,debit_card,Berlin,5.0
ORD-10593,CUST-1175,PROD-109,8,171.83,1374.61,2024-06-19,completed,apple_pay,,20.0
ORD-10980,CUST-1057,PROD-102,7,214.43,1501.01,2023-03-20,cancelled,apple_pay,Toronto,0.0
ORD-10169,CUST-1080,PROD-122,4,224.11,896.43,2023-10-03,pending,paypal,Jeddah,15.0
ORD-10264,CUST-1060,PROD-142,8,182.87,1462.96,2023-06-21,completed,credit_card,Beirut,0.0
ORD-10797,CUST-1104,PROD-144,1,106.89,,2024-02-28,delivered,bank_transfer,,0.0
ORD-10714,CUST-1001,PROD-147,1,172.1,172.1,2024-02-21,pending,apple_pay,Toronto,0.0
ORD-10968,CUST-1080,PROD-124,8,14.89,119.15,2024-03-21,pending,bank_transfer,Amman,5.0
ORD-10759,CUST-1134,PROD-138,3,142.91,428.72,2024-06-27,completed,debit_card,Sydney,15.0
ORD-10098,CUST-1048,PROD-109,9,192.54,1732.87,2023-02-28,pending,paypal,Beirut,0.0
ORD-10946,CUST-1170,PROD-142,4,125.03,500.12,2023-08-10,completed,apple_pay,Jeddah,0.0
ORD-10485,CUST-1167,PROD-110,2,142.81,285.62,2023-02-05,cancelled,debit_card,New York,0.0
ORD-10262,CUST-1064,PROD-108,10,73.84,738.38,2023-09-21,returned,debit_card,Amman,10.0
ORD-10273,CUST-1038,PROD-141,1,233.56,233.56,2024-11-11,delivered,apple_pay,Beirut,5.0
ORD-10238,CUST-1121,PROD-102,3,122.97,368.9,2024-10-04,cancelled,paypal,New York,0.0
ORD-10939,CUST-1092,PROD-125,9,31.19,280.69,2023-06-12,processing,credit_card,Dubai,0.0
ORD-10757,CUST-1195,PROD-133,5,20.46,102.32,2024-10-01,completed,credit_card,Cairo,10.0
ORD-10318,CUST-1193,PROD-127,1,53.11,53.11,2023-02-03,completed,paypal,Toronto,5.0
ORD-10058,CUST-1058,PROD-147,9,5.63,50.66,2023-01-13,completed,apple_pay,London,0.0
ORD-10876,CUST-1061,PROD-138,9,75.47,679.22,2023-03-18,delivered,debit_card,Dubai,0.0
ORD-10936,CUST-1134,PROD-138,10,213.63,2136.35,2024-01-07,returned,paypal,Abu Dhabi,15.0
ORD-10307,CUST-1094,PROD-124,6,7.99,47.92,2023-12-20,cancelled,bank_transfer,Cairo,10.0
ORD-10863,CUST-1099,PROD-123,4,79.43,317.71,2024-09-26,completed,apple_pay,Dubai,20.0
ORD-10518,CUST-1184,PROD-108,7,225.09,1575.65,2023-10-29,completed,paypal,Kuwait City,5.0
ORD-10601,CUST-1143,PROD-147,8,38.42,307.35,2024-11-22,returned,paypal,Dubai,10.0
ORD-10138,CUST-1066,PROD-126,7,115.53,808.68,2024-02-19,delivered,credit_card,Abu Dhabi,0.0
ORD-10533,CUST-1007,PROD-109,6,39.61,237.68,2023-09-08,delivered,debit_card,London,20.0
ORD-10208,CUST-1114,PROD-148,10,145.94,1459.37,2023-04-03,returned,credit_card,Cairo,5.0
ORD-10019,CUST-1176,PROD-146,2,127.69,255.39,2023-12-21,returned,bank_transfer,Amman,0.0
ORD-10611,CUST-1050,PROD-116,8,112.19,897.53,2023-10-20,completed,credit_card,New York,5.0
ORD-10214,CUST-1017,PROD-124,5,167.43,837.15,2024-06-11,cancelled,credit_card,Doha,5.0
ORD-10867,CUST-1044,PROD-128,5,214.12,1070.6,2023-02-10,completed,paypal,Jeddah,0.0
ORD-10396,CUST-1145,PROD-133,4,188.89,,2024-05-29,delivered,paypal,London,0.0
ORD-10765,CUST-1065,PROD-107,8,109.35,874.78,2023-06-22,delivered,cash_on_delivery,Sydney,0.0
ORD-10761,CUST-1121,PROD-129,6,38.35,230.1,2023-11-04,returned,credit_card,Beirut,10.0
ORD-10285,CUST-1013,PROD-141,6,74.84,449.04,2024-03-21,completed,apple_pay,Toronto,0.0
ORD-10696,CUST-1175,PROD-129,1,124.1,124.1,2024-11-17,cancelled,apple_pay,Doha,0.0
ORD-10001,CUST-1095,PROD-124,8,218.06,1744.46,2024-01-22,cancelled,bank_transfer,London,15.0
ORD-10498,CUST-1044,PROD-104,6,210.66,1263.93,2024-10-06,shipped,paypal,Sydney,5.0
ORD-10883,CUST-1152,PROD-106,8,112.11,896.86,2023-11-17,delivered,credit_card,,5.0
ORD-10049,CUST-1022,PROD-146,2,30.28,60.57,2024-12-01,completed,credit_card,Dubai,10.0
ORD-10130,CUST-1141,PROD-103,1,187.2,187.2,2023-07-27,delivered,apple_pay,Jeddah,15.0
ORD-10970,CUST-1079,PROD-110,10,96.95,969.55,2023-12-02,returned,apple_pay,Amman,0.0
ORD-10585,CUST-1013,PROD-102,10,70.21,702.14,2023-09-03,pending,paypal,Riyadh,15.0
ORD-10279,CUST-1003,PROD-111,1,226.64,226.64,2023-10-04,delivered,paypal,Jeddah,0.0
ORD-10308,CUST-1186,PROD-127,7,39.19,274.36,2024-08-24,returned,bank_transfer,Beirut,20.0
ORD-10692,CUST-1118,PROD-145,4,191.95,767.8,2023-09-04,processing,bank_transfer,Kuwait City,5.0
ORD-10204,CUST-1141,PROD-132,9,144.81,1303.32,2024-08-08,completed,paypal,Muscat,15.0
ORD-10995,CUST-1117,PROD-148,7,243.22,1702.57,2023-01-02,returned,paypal,New York,0.0
ORD-10671,CUST-1133,PROD-137,7,85.89,85.89,2024-08-29,pending,paypal,Toronto,10.0
ORD-10445,CUST-1013,PROD-138,1,16.92,16.92,2024-01-22,completed,cash_on_delivery,New York,5.0
ORD-10005,CUST-1060,PROD-119,3,246.5,739.49,2024-06-17,delivered,debit_card,Beirut,0.0
ORD-10860,CUST-1056,PROD-136,6,188.71,1132.24,2024-05-12,pending,credit_card,Kuwait City,5.0
ORD-10161,CUST-1025,PROD-113,9,103.14,928.24,2023-12-13,processing,credit_card,Sydney,10.0
ORD-10729,CUST-1163,PROD-143,9,206.53,1858.74,2023-07-18,pending,paypal,Riyadh,0.0
ORD-10311,CUST-1106,PROD-111,8,227.16,1817.31,2024-10-22,completed,cash_on_delivery,Muscat,0.0
ORD-10297,CUST-1115,PROD-131,9,134.04,1206.34,2023-05-06,delivered,credit_card,Berlin,0.0
ORD-10659,CUST-1096,PROD-141,7,37.14,37.14,2023-04-10,delivered,apple_pay,Riyadh,5.0
ORD-10784,CUST-1024,PROD-125,10,176.73,1767.28,2024-02-12,completed,paypal,London,0.0
ORD-10254,CUST-1156,PROD-132,7,212.67,1488.7,2023-10-29,shipped,credit_card,Sydney,0.0
ORD-10632,CUST-1047,PROD-143,9,215.84,215.84,2024-08-16,shipped,apple_pay,Muscat,15.0
ORD-10529,CUST-1123,PROD-144,7,152.43,1066.99,2024-10-13,cancelled,apple_pay,Beirut,5.0
ORD-10244,CUST-1163,PROD-113,6,54.14,324.82,2023-10-21,pending,credit_card,,5.0
ORD-10465,CUST-1096,PROD-138,9,246.79,2221.11,2023-09-30,shipped,paypal,New York,0.0
ORD-10550,CUST-1069,PROD-116,3,25.48,76.44,2023-03-12,cancelled,bank_transfer,New York,20.0
ORD-10682,CUST-1081,PROD-137,1,192.85,192.85,2023-01-11,pending,paypal,New York,15.0
ORD-10077,CUST-1032,PROD-111,1,237.45,237.45,2024-08-09,delivered,paypal,Abu Dhabi,0.0
ORD-10071,CUST-1097,PROD-145,6,122.52,735.14,2024-05-11,completed,paypal,Doha,0.0
ORD-10591,CUST-1092,PROD-113,2,52.49,104.98,2024-01-22,cancelled,debit_card,New York,0.0
ORD-10496,CUST-1141,PROD-131,1,240.73,240.73,2024-03-10,completed,bank_transfer,,15.0
ORD-10813,CUST-1016,PROD-123,10,227.77,2277.65,2024-08-20,delivered,apple_pay,Berlin,10.0
ORD-10352,CUST-1057,PROD-145,4,51.68,206.73,2023-09-30,returned,paypal,Cairo,15.0
ORD-10657,CUST-1092,PROD-134,4,246.38,985.51,2024-07-02,shipped,paypal,Jeddah,0.0
ORD-10476,CUST-1124,PROD-146,7,78.28,547.96,2024-06-11,shipped,apple_pay,Toronto,0.0
ORD-10575,CUST-1024,PROD-126,5,72.3,361.48,2023-12-21,processing,credit_card,Muscat,5.0
ORD-10482,CUST-1005,PROD-137,10,246.9,2469.01,2024-05-06,processing,bank_transfer,Riyadh,5.0
ORD-10131,CUST-1075,PROD-128,3,245.95,737.84,2023-03-18,shipped,credit_card,Kuwait City,20.0
ORD-10236,CUST-1188,PROD-113,10,249.75,2497.52,2024-02-28,delivered,paypal,Abu Dhabi,20.0
ORD-10493,CUST-1122,PROD-137,3,68.47,205.41,2024-04-12,delivered,paypal,London,0.0
ORD-10660,CUST-1188,PROD-137,7,52.6,368.2,2024-09-12,processing,apple_pay,Beirut,5.0
ORD-10871,CUST-1114,PROD-142,9,96.46,,2023-09-27,pending,debit_card,London,0.0
ORD-10676,CUST-1001,PROD-137,5,85.47,427.35,2024-01-13,delivered,paypal,Dubai,0.0
ORD-10689,CUST-1147,PROD-125,10,12.0,119.96,2024-06-08,returned,debit_card,Amman,0.0
ORD-10778,CUST-1081,PROD-134,6,23.87,143.25,2024-12-10,completed,credit_card,Toronto,0.0
ORD-10934,CUST-1030,PROD-139,1,197.61,197.61,2024-10-15,completed,paypal,Riyadh,20.0
ORD-10447,CUST-1054,PROD-106,6,84.23,505.35,2023-01-16,processing,cash_on_delivery,,15.0
ORD-10258,CUST-1108,PROD-138,1,146.59,,2023-08-31,cancelled,cash_on_delivery,Doha,5.0
ORD-10128,CUST-1037,PROD-103,1,53.98,53.98,2023-06-14,pending,apple_pay,,0.0
ORD-10921,CUST-1064,PROD-126,2,124.29,248.58,2023-12-09,pending,paypal,Beirut,0.0
ORD-10749,CUST-1093,PROD-107,3,12.35,37.04,2023-07-28,cancelled,credit_card,Riyadh,0.0
ORD-10985,CUST-1009,PROD-144,5,36.86,184.31,2024-07-02,shipped,bank_transfer,Toronto,0.0
ORD-10919,CUST-1121,PROD-141,1,94.23,,2024-02-05,delivered,paypal,Sydney,0.0
ORD-10891,CUST-1099,PROD-136,6,93.08,558.5,2023-01-21,pending,paypal,Cairo,0.0
ORD-10141,CUST-1053,PROD-147,6,56.88,341.25,2024-10-23,pending,paypal,New York,0.0
ORD-10322,CUST-1126,PROD-148,6,177.66,1065.95,2024-07-24,processing,apple_pay,Beirut,20.0
ORD-10477,CUST-1100,PROD-104,9,183.05,1647.49,2023-10-17,returned,credit_card,London,20.0
ORD-10011,CUST-1141,PROD-137,10,181.4,1814.03,2023-10-30,processing,cash_on_delivery,Sydney,0.0
ORD-10009,CUST-1077,PROD-100,4,234.6,938.42,2023-05-01,shipped,paypal,Kuwait City,0.0
ORD-10904,CUST-1161,PROD-133,6,10.91,65.49,2024-02-18,cancelled,apple_pay,Kuwait City,0.0
ORD-10578,CUST-1149,PROD-129,2,35.94,71.88,2023-06-01,returned,apple_pay,Cairo,0.0
ORD-10520,CUST-1094,PROD-109,8,27.95,223.63,2023-07-05,pending,debit_card,Sydney,0.0
ORD-10470,CUST-1027,PROD-127,1,44.26,44.26,2023-12-01,completed,apple_pay,Doha,5.0
ORD-10337,CUST-1147,PROD-131,4,166.9,667.59,2024-04-23,returned,credit_card,Amman,0.0
ORD-10202,CUST-1136,PROD-138,8,233.71,1869.7,2023-11-19,pending,apple_pay,Toronto,20.0
ORD-10681,CUST-1162,PROD-147,1,81.24,81.24,2024-07-28,completed,credit_card,Abu Dhabi,10.0
ORD-10306,CUST-1173,PROD-142,2,244.08,488.16,2024-02-08,shipped,bank_transfer,Sydney,0.0
ORD-10302,CUST-1081,PROD-136,3,113.02,339.05,2024-01-14,shipped,debit_card,Kuwait City,10.0
ORD-10577,CUST-1176,PROD-103,5,221.41,1107.07,2023-02-14,returned,bank_transfer,Riyadh,10.0
ORD-10769,CUST-1088,PROD-141,8,213.8,1710.38,2024-10-08,completed,paypal,Dubai,0.0
ORD-10192,CUST-1028,PROD-115,7,84.51,591.54,2023-06-21,delivered,debit_card,Abu Dhabi,15.0
ORD-10502,CUST-1093,PROD-127,3,136.42,409.27,2023-10-03,shipped,credit_card,Sydney,15.0
ORD-10635,CUST-1027,PROD-138,4,202.97,811.87,2024-06-07,processing,debit_card,New York,5.0
ORD-10699,CUST-1196,PROD-101,9,70.47,634.25,2023-10-28,completed,apple_pay,Jeddah,10.0
ORD-10336,CUST-1166,PROD-119,9,202.01,1818.1,2024-03-19,processing,apple_pay,Dubai,10.0
ORD-10033,CUST-1132,PROD-111,9,44.23,398.1,2024-07-27,shipped,credit_card,Berlin,15.0
ORD-10917,CUST-1167,PROD-145,7,107.4,107.4,2023-08-29,completed,credit_card,Doha,10.0
ORD-10794,CUST-1175,PROD-127,9,133.38,1200.39,2023-07-02,shipped,credit_card,Doha,15.0
ORD-10982,CUST-1163,PROD-144,8,69.65,557.22,2023-10-18,shipped,cash_on_delivery,Amman,10.0
ORD-10083,CUST-1092,PROD-100,7,26.47,185.28,2024-08-11,processing,paypal,Doha,5.0
ORD-10932,CUST-1190,PROD-114,8,141.58,1132.62,2024-04-13,completed,cash_on_delivery,,0.0
ORD-10910,CUST-1056,PROD-115,8,226.77,1814.14,2023-04-11,returned,apple_pay,New York,5.0
ORD-10497,CUST-1190,PROD-100,7,177.13,1239.94,2023-12-20,cancelled,credit_card,Riyadh,15.0
ORD-10720,CUST-1088,PROD-141,3,148.85,446.54,2024-05-28,completed,apple_pay,Dubai,5.0
ORD-10028,CUST-1104,PROD-143,8,39.1,312.79,2023-11-07,returned,apple_pay,Kuwait City,0.0
ORD-10825,CUST-1193,PROD-114,3,101.69,305.08,2024-08-29,shipped,paypal,New York,20.0
ORD-10664,CUST-1009,PROD-120,10,151.69,1516.89,2023-01-06,processing,paypal,London,0.0
ORD-10807,CUST-1076,PROD-109,1,117.68,117.68,2024-12-28,pending,bank_transfer,Beirut,0.0
ORD-10456,CUST-1065,PROD-124,8,79.93,639.46,2023-10-18,completed,paypal,,0.0
ORD-10119,CUST-1103,PROD-115,2,117.48,234.96,2024-08-09,processing,credit_card,Beirut,0.0
ORD-10510,CUST-1110,PROD-111,5,237.34,1186.7,2024-08-01,shipped,cash_on_delivery,Muscat,0.0
ORD-10230,CUST-1060,PROD-113,10,166.57,1665.7,2024-09-04,returned,apple_pay,Jeddah,0.0
ORD-10260,CUST-1156,PROD-103,6,136.08,816.5,2023-01-12,pending,debit_card,,20.0
ORD-10760,CUST-1192,PROD-145,3,137.5,412.5,2024-09-16,shipped,paypal,Kuwait City,0.0
ORD-10417,CUST-1146,PROD-108,9,67.79,,2024-03-07,completed,paypal,Kuwait City,0.0
ORD-10041,CUST-1112,PROD-107,4,56.42,225.68,2024-08-25,delivered,credit_card,Kuwait City,20.0
ORD-10548,CUST-1101,PROD-149,7,53.87,377.09,2023-12-03,completed,paypal,Kuwait City,10.0
ORD-10565,CUST-1053,PROD-143,7,96.94,678.56,2023-11-18,completed,credit_card,Amman,0.0
ORD-10347,CUST-1154,PROD-146,9,185.76,1671.82,2024-04-09,processing,debit_card,,15.0
ORD-10146,CUST-1129,PROD-140,1,204.1,204.1,2024-08-15,delivered,debit_card,Jeddah,20.0
ORD-10404,CUST-1035,PROD-146,9,249.71,2247.4,2024-03-18,processing,paypal,London,0.0
ORD-10918,CUST-1038,PROD-146,2,74.21,148.41,2023-12-07,processing,apple_pay,Cairo,15.0
ORD-10363,CUST-1140,PROD-138,7,27.67,193.72,2023-09-19,completed,bank_transfer,Cairo,10.0
ORD-10406,CUST-1172,PROD-111,7,141.17,,2024-12-14,processing,apple_pay,Amman,0.0
ORD-10220,CUST-1190,PROD-140,5,42.23,211.15,2023-07-12,returned,paypal,Muscat,15.0
ORD-10431,CUST-1120,PROD-141,9,247.37,2226.35,2023-02-06,returned,apple_pay,London,0.0
ORD-10401,CUST-1141,PROD-137,2,65.35,130.69,2024-07-22,delivered,debit_card,Riyadh,15.0
ORD-10154,CUST-1184,PROD-146,5,237.08,1185.39,2023-08-10,returned,debit_card,Sydney,10.0
ORD-10114,CUST-1159,PROD-117,2,96.29,192.58,2023-12-17,cancelled,bank_transfer,Toronto,10.0
ORD-10839,CUST-1027,PROD-117,8,72.61,580.86,2024-12-24,shipped,apple_pay,Riyadh,0.0
ORD-10836,CUST-1093,PROD-149,1,121.07,121.07,2023-08-17,shipped,apple_pay,Muscat,15.0
ORD-10783,CUST-1198,PROD-104,10,20.59,205.89,2024-02-28,processing,apple_pay,Amman,5.0
ORD-10772,CUST-1081,PROD-119,2,228.97,457.94,2023-03-04,pending,apple_pay,Toronto,0.0
ORD-10652,CUST-1123,PROD-133,3,220.08,660.25,2023-08-26,pending,credit_card,Berlin,20.0
ORD-10994,CUST-1027,PROD-111,4,77.14,308.54,2023-05-25,completed,apple_pay,Beirut,5.0
ORD-10126,CUST-1182,PROD-147,9,159.98,1439.85,2023-07-25,delivered,debit_card,London,0.0
ORD-10148,CUST-1144,PROD-136,3,185.3,555.9,2024-10-05,pending,credit_card,Kuwait City,0.0
ORD-10201,CUST-1191,PROD-106,10,92.7,927.01,2024-04-14,cancelled,bank_transfer,New York,10.0
ORD-10082,CUST-1048,PROD-126,9,181.9,,2024-07-07,returned,apple_pay,Riyadh,0.0
ORD-10112,CUST-1185,PROD-146,2,226.67,453.34,2024-10-21,completed,debit_card,Sydney,20.0
ORD-10707,CUST-1172,PROD-129,1,43.2,43.2,2024-08-21,pending,apple_pay,Jeddah,0.0
ORD-10866,CUST-1002,PROD-143,3,150.39,451.17,2024-11-22,cancelled,credit_card,Abu Dhabi,0.0
ORD-10359,CUST-1117,PROD-131,2,212.23,424.46,2023-06-01,completed,debit_card,Sydney,20.0
ORD-10845,CUST-1089,PROD-144,2,147.49,,2024-01-12,processing,paypal,Amman,0.0
ORD-10213,CUST-1177,PROD-144,1,97.27,97.27,2024-10-11,delivered,paypal,New York,0.0
ORD-10561,CUST-1111,PROD-114,2,178.96,357.91,2023-05-10,shipped,paypal,Dubai,0.0
ORD-10461,CUST-1150,PROD-119,7,189.35,1325.47,2023-04-02,pending,bank_transfer,Dubai,10.0
ORD-10819,CUST-1033,PROD-139,1,184.99,184.99,2023-01-20,shipped,cash_on_delivery,Kuwait City,0.0
ORD-10822,CUST-1039,PROD-137,8,159.6,1276.77,2023-05-12,pending,credit_card,London,5.0
ORD-10384,CUST-1184,PROD-147,6,227.76,1366.57,2023-01-09,processing,paypal,Muscat,0.0
ORD-10491,CUST-1056,PROD-124,2,196.77,393.54,2023-05-07,cancelled,cash_on_delivery,Sydney,20.0
ORD-10299,CUST-1075,PROD-126,9,233.27,2099.45,2024-04-30,delivered,paypal,Kuwait City,0.0
ORD-10576,CUST-1007,PROD-114,1,207.24,207.24,2023-05-23,pending,cash_on_delivery,Kuwait City,0.0
ORD-10512,CUST-1049,PROD-145,8,231.75,1853.98,2023-03-18,completed,paypal,London,20.0
ORD-10763,CUST-1185,PROD-147,10,236.36,2363.64,2023-06-05,shipped,credit_card,Kuwait City,20.0
ORD-10420,CUST-1041,PROD-106,8,219.65,1757.17,2023-02-13,delivered,cash_on_delivery,Beirut,15.0
ORD-10371,CUST-1004,PROD-144,4,215.46,861.83,2023-03-08,completed,paypal,Riyadh,0.0
ORD-10120,CUST-1142,PROD-135,1,207.35,207.35,2024-09-10,completed,paypal,Amman,0.0
ORD-10424,CUST-1036,PROD-108,4,51.96,207.85,2024-01-23,returned,paypal,Cairo,10.0
ORD-10596,CUST-1066,PROD-119,10,81.13,811.3,2024-07-31,pending,debit_card,Jeddah,20.0
ORD-10218,CUST-1138,PROD-108,4,164.86,659.42,2024-08-17,delivered,debit_card,Muscat,10.0
ORD-10850,CUST-1097,PROD-146,10,240.5,2404.96,2023-04-10,shipped,credit_card,New York,0.0
ORD-10087,CUST-1030,PROD-148,8,47.36,378.84,2023-06-21,processing,debit_card,Cairo,0.0
ORD-10210,CUST-1062,PROD-104,5,195.31,976.55,2023-11-28,processing,credit_card,Riyadh,0.0
ORD-10738,CUST-1004,PROD-136,7,248.94,1742.55,2024-05-31,completed,credit_card,Kuwait City,5.0
ORD-10540,CUST-1033,PROD-144,2,86.17,172.35,2024-05-30,shipped,apple_pay,Sydney,0.0
ORD-10882,CUST-1000,PROD-104,4,203.94,815.75,2023-09-18,pending,paypal,Beirut,0.0
ORD-10834,CUST-1147,PROD-121,4,225.95,903.82,2023-11-26,returned,apple_pay,Amman,5.0
ORD-10831,CUST-1110,PROD-127,3,124.4,373.2,2024-11-12,cancelled,paypal,Kuwait City,0.0
ORD-10971,CUST-1197,PROD-139,9,50.27,452.41,2023-03-08,cancelled,credit_card,Berlin,0.0
ORD-10459,CUST-1161,PROD-145,1,175.88,175.88,2024-10-22,returned,debit_card,,5.0
ORD-10913,CUST-1021,PROD-147,1,41.76,41.76,2024-03-14,completed,apple_pay,Riyadh,20.0
ORD-10095,CUST-1041,PROD-136,4,214.99,859.97,2024-10-24,delivered,credit_card,Riyadh,10.0
ORD-10755,CUST-1036,PROD-140,1,209.67,209.67,2023-09-01,processing,bank_transfer,Jeddah,0.0
ORD-10289,CUST-1117,PROD-126,3,191.28,573.85,2023-08-14,pending,credit_card,Kuwait City,0.0
ORD-10386,CUST-1133,PROD-121,3,10.74,32.21,2024-06-07,completed,cash_on_delivery,Kuwait City,0.0
ORD-10614,CUST-1013,PROD-138,9,86.08,774.68,2023-08-18,completed,paypal,Muscat,15.0
ORD-10101,CUST-1057,PROD-147,5,108.02,540.08,2023-12-06,processing,credit_card,Jeddah,5.0
ORD-10562,CUST-1002,PROD-140,10,42.5,424.97,2024-09-24,processing,cash_on_delivery,New York,15.0
ORD-10865,CUST-1021,PROD-115,2,116.4,232.8,2023-12-12,delivered,apple_pay,Beirut,5.0
ORD-10394,CUST-1194,PROD-128,8,41.5,332.01,2023-11-30,shipped,apple_pay,,0.0
ORD-10812,CUST-1173,PROD-106,2,26.01,52.02,2023-01-09,shipped,paypal,Jeddah,20.0
ORD-10599,CUST-1158,PROD-134,10,220.06,2200.62,2023-02-24,cancelled,apple_pay,Abu Dhabi,0.0
ORD-10944,CUST-1034,PROD-113,5,240.05,1200.26,2024-08-11,shipped,credit_card,Doha,10.0
ORD-10428,CUST-1119,PROD-132,10,87.41,874.12,2024-06-04,pending,paypal,Amman,5.0
ORD-10027,CUST-1029,PROD-136,4,150.1,600.38,2024-07-12,delivered,paypal,Cairo,5.0
ORD-10649,CUST-1180,PROD-144,6,223.61,1341.64,2023-02-09,completed,credit_card,Muscat,0.0
ORD-10052,CUST-1191,PROD-125,5,163.31,816.56,2023-03-09,shipped,cash_on_delivery,Sydney,0.0
ORD-10123,CUST-1183,PROD-121,2,190.5,381.0,2023-02-17,completed,apple_pay,,0.0
ORD-10523,CUST-1138,PROD-147,6,213.92,1283.5,2023-03-29,shipped,apple_pay,Dubai,20.0
ORD-10195,CUST-1180,PROD-128,9,77.21,694.85,2024-12-14,cancelled,debit_card,Riyadh,0.0
ORD-10232,CUST-1027,PROD-126,3,44.53,133.58,2023-10-19,returned,cash_on_delivery,Abu Dhabi,20.0
ORD-10889,CUST-1129,PROD-139,7,210.36,1472.55,2024-09-13,delivered,bank_transfer,Beirut,15.0
ORD-10486,CUST-1063,PROD-119,1,236.82,236.82,2024-06-15,shipped,apple_pay,Amman,15.0
ORD-10316,CUST-1029,PROD-108,1,122.48,122.48,2023-11-16,completed,paypal,,5.0
ORD-10072,CUST-1196,PROD-137,4,243.63,974.5,2023-04-13,delivered,paypal,Toronto,0.0
ORD-10444,CUST-1039,PROD-128,6,48.6,291.57,2023-02-05,cancelled,credit_card,Cairo,0.0
ORD-10686,CUST-1066,PROD-113,8,68.91,551.26,2023-04-29,completed,cash_on_delivery,New York,0.0
ORD-10292,CUST-1177,PROD-146,7,237.73,1664.14,2023-05-16,completed,apple_pay,London,0.0
ORD-10463,CUST-1115,PROD-136,4,50.48,201.93,2023-03-02,completed,debit_card,Abu Dhabi,0.0
ORD-10964,CUST-1132,PROD-109,10,113.38,1133.75,2024-03-08,shipped,credit_card,,0.0
ORD-10469,CUST-1032,PROD-131,2,78.83,157.66,2024-11-20,pending,paypal,New York,5.0
ORD-10247,CUST-1050,PROD-145,9,24.24,218.19,2024-04-21,processing,apple_pay,Jeddah,10.0
ORD-10710,CUST-1115,PROD-110,3,103.01,309.04,2023-04-01,shipped,bank_transfer,Beirut,15.0
ORD-10287,CUST-1025,PROD-115,7,218.12,1526.86,2024-01-20,pending,apple_pay,Amman,10.0
ORD-10185,CUST-1074,PROD-138,4,200.21,800.83,2024-07-15,shipped,bank_transfer,Abu Dhabi,0.0
ORD-10753,CUST-1072,PROD-139,2,66.2,132.39,2023-09-14,cancelled,apple_pay,Berlin,20.0
ORD-10164,CUST-1172,PROD-102,6,63.62,381.71,2023-01-01,pending,apple_pay,,5.0
ORD-10741,CUST-1004,PROD-100,4,83.98,335.94,2023-06-04,processing,paypal,Muscat,0.0
ORD-10245,CUST-1052,PROD-134,6,139.59,837.57,2023-10-05,completed,paypal,Amman,0.0
ORD-10179,CUST-1107,PROD-140,10,145.05,1450.51,2023-03-15,returned,bank_transfer,Doha,0.0
ORD-10092,CUST-1113,PROD-113,7,186.53,1305.72,2024-06-12,cancelled,bank_transfer,Sydney,0.0
ORD-10766,CUST-1179,PROD-127,7,18.88,132.16,2023-04-18,cancelled,cash_on_delivery,Sydney,20.0
ORD-10233,CUST-1082,PROD-123,7,205.96,1441.75,2024-03-13,shipped,apple_pay,Jeddah,15.0
ORD-10340,CUST-1007,PROD-116,5,166.37,831.87,2023-06-30,shipped,paypal,Berlin,0.0
ORD-10941,CUST-1110,PROD-113,10,168.39,1683.86,2023-07-17,shipped,paypal,Muscat,5.0
ORD-10206,CUST-1152,PROD-141,5,14.16,70.78,2024-08-13,completed,paypal,Sydney,0.0
ORD-10574,CUST-1004,PROD-141,10,247.05,2470.49,2024-04-17,completed,cash_on_delivery,Abu Dhabi,0.0
ORD-10084,CUST-1078,PROD-125,8,124.83,998.63,2024-11-07,completed,apple_pay,,0.0
ORD-10543,CUST-1024,PROD-100,3,192.75,578.24,2023-11-13,shipped,debit_card,Riyadh,5.0
ORD-10012,CUST-1185,PROD-141,8,117.9,943.22,2023-12-27,processing,credit_card,Sydney,5.0
ORD-10176,CUST-1124,PROD-119,5,142.72,713.62,2024-08-04,pending,paypal,New York,5.0
ORD-10283,CUST-1044,PROD-139,1,151.09,151.09,2024-05-26,pending,credit_card,Abu Dhabi,0.0
ORD-10434,CUST-1145,PROD-140,10,228.87,2288.69,2024-08-10,returned,apple_pay,Cairo,5.0
ORD-10712,CUST-1190,PROD-138,7,140.25,981.78,2023-07-17,pending,cash_on_delivery,Abu Dhabi,0.0
ORD-10250,CUST-1061,PROD-139,4,139.25,556.99,2024-08-05,delivered,cash_on_delivery,Jeddah,10.0
ORD-10906,CUST-1023,PROD-139,7,72.56,507.93,2023-08-14,shipped,debit_card,Muscat,20.0
ORD-10212,CUST-1073,PROD-100,6,174.98,1049.88,2023-04-24,delivered,paypal,Muscat,10.0
ORD-10125,CUST-1129,PROD-124,7,244.98,1714.84,2024-10-12,shipped,apple_pay,London,0.0
ORD-10945,CUST-1037,PROD-146,2,217.86,435.71,2023-11-29,processing,debit_card,Amman,15.0
ORD-10706,CUST-1065,PROD-125,1,166.87,166.87,2024-08-08,shipped,paypal,Amman,0.0
ORD-10004,CUST-1112,PROD-114,9,58.23,524.08,2023-02-27,returned,cash_on_delivery,Toronto,0.0
ORD-10193,CUST-1040,PROD-131,2,173.06,346.11,2023-12-13,delivered,apple_pay,Riyadh,0.0
ORD-10827,CUST-1081,PROD-137,6,176.03,1056.17,2024-12-09,cancelled,cash_on_delivery,Toronto,0.0
ORD-10047,CUST-1023,PROD-141,6,66.35,398.07,2024-01-16,completed,credit_card,,0.0
ORD-10319,CUST-1031,PROD-138,4,148.96,595.85,2023-07-24,pending,cash_on_delivery,Sydney,15.0
ORD-10156,CUST-1038,PROD-138,2,48.47,96.94,2024-09-21,returned,apple_pay,Berlin,0.0
ORD-10320,CUST-1129,PROD-136,2,29.28,58.56,2024-08-15,completed,credit_card,Berlin,0.0
ORD-10751,CUST-1121,PROD-129,7,214.75,1503.28,2024-07-03,pending,debit_card,Kuwait City,0.0
ORD-10948,CUST-1122,PROD-124,5,44.31,221.56,2023-08-14,cancelled,apple_pay,Riyadh,5.0
ORD-10310,CUST-1149,PROD-119,8,142.02,1136.19,2024-04-19,processing,apple_pay,New York,20.0
ORD-10102,CUST-1174,PROD-124,9,78.1,702.87,2023-02-25,cancelled,debit_card,London,10.0
ORD-10064,CUST-1100,PROD-144,6,82.92,497.54,2023-10-06,completed,debit_card,Doha,0.0
ORD-10032,CUST-1024,PROD-128,8,83.13,665.06,2023-11-04,completed,debit_card,London,15.0
ORD-10097,CUST-1001,PROD-132,6,142.56,855.34,2024-08-31,pending,cash_on_delivery,Cairo,20.0
ORD-10830,CUST-1024,PROD-101,7,120.71,844.97,2023-05-10,pending,paypal,London,0.0
ORD-10935,CUST-1097,PROD-109,5,88.29,88.29,2024-02-26,pending,cash_on_delivery,Abu Dhabi,10.0
ORD-10551,CUST-1047,PROD-103,2,224.26,448.53,2024-03-14,completed,bank_transfer,London,0.0
ORD-10571,CUST-1018,PROD-113,6,96.13,576.79,2023-11-18,cancelled,cash_on_delivery,Kuwait City,5.0
ORD-10541,CUST-1074,PROD-110,3,172.18,516.54,2023-03-22,delivered,debit_card,Kuwait City,0.0
ORD-10598,CUST-1119,PROD-122,7,119.31,835.14,2024-02-25,pending,paypal,Amman,10.0
ORD-10442,CUST-1049,PROD-125,1,7.63,7.63,2023-04-28,processing,paypal,Doha,10.0
ORD-10808,CUST-1187,PROD-128,8,238.33,1906.65,2024-04-19,pending,paypal,London,0.0
ORD-10483,CUST-1083,PROD-104,9,50.3,452.68,2024-12-18,cancelled,apple_pay,Toronto,5.0
ORD-10188,CUST-1068,PROD-108,8,183.14,1465.13,2023-08-27,shipped,paypal,Doha,0.0
ORD-10843,CUST-1013,PROD-141,4,122.28,489.12,2023-02-13,cancelled,cash_on_delivery,Toronto,0.0
ORD-10360,CUST-1144,PROD-142,10,57.04,570.37,2023-01-05,processing,credit_card,Dubai,20.0
ORD-10615,CUST-1132,PROD-139,9,81.5,733.49,2024-09-25,pending,credit_card,,0.0
ORD-10263,CUST-1066,PROD-144,4,123.81,495.22,2024-06-24,completed,apple_pay,Beirut,0.0
ORD-10187,CUST-1158,PROD-128,5,176.62,,2024-05-18,cancelled,credit_card,Abu Dhabi,20.0
ORD-10800,CUST-1132,PROD-102,8,122.31,978.49,2023-04-25,delivered,credit_card,Muscat,0.0
ORD-10382,CUST-1104,PROD-129,9,199.68,1797.11,2024-06-01,shipped,cash_on_delivery,Toronto,10.0
ORD-10858,CUST-1146,PROD-108,4,207.05,828.19,2024-02-10,completed,apple_pay,Dubai,20.0
ORD-10211,CUST-1157,PROD-128,10,40.73,407.26,2023-02-15,completed,credit_card,Jeddah,10.0
ORD-10368,CUST-1045,PROD-111,7,16.09,112.62,2024-02-03,pending,cash_on_delivery,Sydney,10.0
ORD-10225,CUST-1077,PROD-149,5,118.03,590.15,2024-03-08,processing,apple_pay,Kuwait City,5.0
ORD-10721,CUST-1087,PROD-114,5,55.58,277.88,2023-06-03,cancelled,credit_card,Sydney,15.0
ORD-10992,CUST-1199,PROD-142,5,208.42,1042.1,2024-10-19,pending,debit_card,Amman,0.0
ORD-10792,CUST-1006,PROD-131,2,83.77,167.54,2024-10-05,cancelled,credit_card,Abu Dhabi,20.0
ORD-10113,CUST-1092,PROD-143,6,109.37,656.21,2023-04-29,processing,debit_card,Berlin,0.0
ORD-10967,CUST-1066,PROD-110,2,138.71,277.43,2023-06-01,delivered,paypal,Toronto,0.0
ORD-10255,CUST-1060,PROD-127,10,101.6,1015.96,2023-11-22,completed,paypal,Sydney,0.0
ORD-10073,CUST-1090,PROD-111,3,62.96,188.87,2023-11-22,returned,debit_card,Jeddah,0.0
ORD-10251,CUST-1169,PROD-142,2,186.14,372.29,2024-12-29,completed,paypal,Abu Dhabi,5.0
ORD-10317,CUST-1056,PROD-108,3,173.57,520.71,2023-11-11,delivered,credit_card,Toronto,0.0
ORD-10197,CUST-1048,PROD-133,8,192.6,1540.84,2023-07-06,completed,credit_card,Riyadh,10.0
ORD-10196,CUST-1075,PROD-116,9,94.94,854.48,2023-01-01,shipped,credit_card,Kuwait City,0.0
ORD-10315,CUST-1041,PROD-106,4,42.87,171.46,2023-08-15,delivered,credit_card,Berlin,5.0
ORD-10268,CUST-1017,PROD-100,7,28.94,,2023-04-17,returned,credit_card,Muscat,15.0
ORD-10629,CUST-1063,PROD-149,9,77.48,697.29,2024-08-07,completed,paypal,Amman,20.0
ORD-10514,CUST-1074,PROD-102,10,19.89,198.94,2024-12-11,completed,debit_card,Kuwait City,0.0
ORD-10479,CUST-1185,PROD-136,2,171.19,342.38,2023-06-01,shipped,apple_pay,Dubai,5.0
ORD-10923,CUST-1111,PROD-149,1,116.46,116.46,2024-08-28,shipped,credit_card,Berlin,0.0
ORD-10051,CUST-1035,PROD-115,5,162.93,814.66,2023-09-12,pending,paypal,Kuwait City,15.0
ORD-10349,CUST-1122,PROD-147,3,68.87,206.6,2024-04-12,shipped,bank_transfer,Berlin,15.0
ORD-10731,CUST-1077,PROD-123,3,80.03,80.03,2023-12-29,shipped,credit_card,Amman,10.0
ORD-10284,CUST-1194,PROD-134,9,58.72,528.5,2024-03-10,processing,apple_pay,Riyadh,0.0
ORD-10217,CUST-1038,PROD-121,7,165.95,1161.64,2023-03-31,shipped,paypal,Amman,0.0
ORD-10433,CUST-1168,PROD-122,6,60.25,60.25,2024-11-03,delivered,credit_card,Riyadh,0.0
ORD-10546,CUST-1129,PROD-128,5,219.97,1099.83,2024-11-29,delivered,apple_pay,,5.0
ORD-10017,CUST-1135,PROD-102,4,56.8,227.19,2024-09-12,pending,apple_pay,Dubai,10.0
ORD-10246,CUST-1012,PROD-108,1,120.33,120.33,2024-11-22,delivered,apple_pay,Cairo,0.0
ORD-10916,CUST-1127,PROD-138,4,173.81,695.25,2023-02-02,cancelled,cash_on_delivery,Cairo,20.0
ORD-10911,CUST-1198,PROD-120,1,111.73,111.73,2024-03-18,completed,paypal,Berlin,0.0
ORD-10832,CUST-1055,PROD-126,8,8.18,65.42,2023-12-11,cancelled,paypal,Amman,10.0
ORD-10035,CUST-1117,PROD-107,5,169.32,846.61,2024-05-16,returned,debit_card,London,20.0
ORD-10488,CUST-1186,PROD-139,7,23.22,162.53,2023-09-19,pending,bank_transfer,Riyadh,15.0
ORD-10521,CUST-1175,PROD-138,4,22.02,88.07,2023-03-15,delivered,credit_card,Beirut,0.0
ORD-10409,CUST-1028,PROD-117,10,127.58,1275.8,2023-06-24,completed,debit_card,Muscat,15.0
ORD-10960,CUST-1114,PROD-127,3,154.68,464.05,2024-03-31,delivered,credit_card,Cairo,0.0
ORD-10423,CUST-1097,PROD-141,2,87.9,175.81,2023-04-08,returned,bank_transfer,Abu Dhabi,5.0
ORD-10422,CUST-1067,PROD-146,3,88.26,264.77,2024-07-21,pending,credit_card,,10.0
ORD-10455,CUST-1129,PROD-139,7,191.28,1338.96,2024-05-08,returned,apple_pay,London,10.0
ORD-10329,CUST-1180,PROD-110,8,110.52,884.13,2023-11-16,processing,apple_pay,Muscat,0.0
ORD-10745,CUST-1041,PROD-148,4,34.49,137.95,2024-05-15,cancelled,cash_on_delivery,Kuwait City,5.0
ORD-10890,CUST-1055,PROD-120,6,104.25,625.5,2023-09-12,processing,credit_card,Toronto,0.0
ORD-10037,CUST-1108,PROD-111,8,160.7,1285.58,2024-12-11,completed,cash_on_delivery,Muscat,0.0
ORD-10118,CUST-1002,PROD-141,3,128.86,386.59,2024-04-25,completed,apple_pay,New York,0.0
ORD-10449,CUST-1085,PROD-111,6,244.62,1467.69,2024-11-13,pending,apple_pay,Dubai,15.0
ORD-10331,CUST-1032,PROD-123,6,203.34,1220.04,2024-08-20,shipped,bank_transfer,New York,15.0
ORD-10564,CUST-1027,PROD-109,5,69.19,345.94,2023-07-04,cancelled,credit_card,Doha,5.0
ORD-10875,CUST-1199,PROD-125,1,52.19,52.19,2024-01-18,delivered,apple_pay,New York,10.0
ORD-10693,CUST-1088,PROD-131,10,11.59,11.59,2024-09-15,returned,bank_transfer,New York,15.0
ORD-10746,CUST-1116,PROD-101,1,98.11,98.11,2024-03-06,pending,paypal,Abu Dhabi,0.0
ORD-10816,CUST-1171,PROD-136,6,221.97,1331.84,2023-03-29,shipped,debit_card,Berlin,15.0
ORD-10713,CUST-1052,PROD-136,8,117.5,940.02,2024-12-01,shipped,debit_card,London,5.0
ORD-10021,CUST-1182,PROD-104,2,70.65,,2024-01-25,pending,apple_pay,Cairo,5.0
ORD-10020,CUST-1162,PROD-117,8,125.2,1001.58,2023-12-31,shipped,credit_card,Cairo,15.0
ORD-10003,CUST-1008,PROD-142,7,155.66,1089.59,2023-01-17,cancelled,credit_card,Dubai,0.0
ORD-10435,CUST-1043,PROD-106,9,48.52,436.69,2024-06-12,shipped,paypal,Cairo,5.0
ORD-10069,CUST-1007,PROD-124,7,47.34,331.36,2023-08-08,returned,paypal,Doha,0.0
ORD-10013,CUST-1171,PROD-103,1,106.04,106.04,2024-10-07,shipped,credit_card,New York,0.0
ORD-10170,CUST-1051,PROD-115,10,92.23,922.27,2023-04-20,cancelled,credit_card,Kuwait City,0.0
ORD-10661,CUST-1056,PROD-126,9,73.25,659.22,2023-10-19,shipped,cash_on_delivery,London,5.0
ORD-10354,CUST-1082,PROD-144,7,173.28,1212.95,2024-12-31,completed,cash_on_delivery,Doha,0.0
ORD-10415,CUST-1016,PROD-106,1,142.02,142.02,2023-10-29,returned,credit_card,Doha,0.0
ORD-10042,CUST-1152,PROD-134,3,84.3,252.89,2024-12-21,completed,debit_card,Toronto,0.0
ORD-10060,CUST-1102,PROD-104,8,217.18,1737.42,2023-11-15,cancelled,cash_on_delivery,Doha,15.0
ORD-10466,CUST-1096,PROD-139,1,243.95,243.95,2023-05-12,completed,credit_card,Cairo,15.0
ORD-10532,CUST-1191,PROD-108,2,240.7,481.41,2024-12-21,completed,credit_card,Muscat,10.0
ORD-10155,CUST-1159,PROD-142,9,69.81,628.27,2024-03-12,completed,credit_card,Sydney,0.0
ORD-10734,CUST-1063,PROD-117,10,148.6,1485.98,2023-03-02,pending,credit_card,Berlin,5.0
ORD-10656,CUST-1157,PROD-139,6,36.66,219.95,2024-07-06,shipped,apple_pay,Dubai,15.0
ORD-10829,CUST-1039,PROD-109,7,107.8,754.61,2023-01-26,shipped,debit_card,Riyadh,15.0
ORD-10567,CUST-1055,PROD-123,2,225.15,450.3,2023-01-31,completed,cash_on_delivery,New York,20.0
ORD-10430,CUST-1077,PROD-147,5,51.71,258.54,2024-09-10,shipped,bank_transfer,Sydney,0.0
ORD-10364,CUST-1030,PROD-119,8,201.27,1610.16,2023-11-14,pending,apple_pay,Beirut,0.0
ORD-10568,CUST-1119,PROD-147,8,111.84,894.68,2024-02-14,delivered,paypal,Abu Dhabi,20.0
ORD-10789,CUST-1025,PROD-131,4,152.86,611.43,2024-09-19,cancelled,credit_card,Amman,10.0
ORD-10791,CUST-1134,PROD-136,10,177.04,1770.4,2024-06-18,shipped,bank_transfer,Abu Dhabi,0.0
ORD-10655,CUST-1108,PROD-125,5,228.53,1142.65,2023-02-10,pending,debit_card,Toronto,5.0
ORD-10216,CUST-1160,PROD-119,4,249.02,996.07,2024-05-28,shipped,credit_card,Cairo,15.0
ORD-10645,CUST-1025,PROD-122,5,45.57,227.85,2023-10-22,returned,credit_card,New York,20.0
ORD-10173,CUST-1097,PROD-137,2,84.73,169.46,2024-09-19,shipped,cash_on_delivery,Beirut,15.0
ORD-10277,CUST-1127,PROD-134,8,241.81,1934.49,2023-01-17,completed,bank_transfer,Toronto,0.0
ORD-10648,CUST-1022,PROD-108,5,184.25,921.25,2023-04-30,shipped,paypal,London,5.0
ORD-10342,CUST-1060,PROD-138,2,194.43,388.86,2023-11-17,completed,credit_card,Cairo,0.0
ORD-10457,CUST-1125,PROD-125,7,235.37,1647.59,2024-01-18,completed,bank_transfer,Riyadh,15.0
ORD-10379,CUST-1112,PROD-129,2,243.79,487.58,2024-09-17,pending,cash_on_delivery,Cairo,0.0
ORD-10704,CUST-1168,PROD-108,5,70.43,352.14,2024-09-05,delivered,apple_pay,New York,0.0
ORD-10261,CUST-1186,PROD-136,5,20.05,100.24,2024-04-29,completed,apple_pay,Toronto,20.0
ORD-10900,CUST-1076,PROD-107,10,226.52,,2024-01-27,shipped,debit_card,Muscat,10.0
ORD-10085,CUST-1119,PROD-116,4,210.08,840.34,2024-07-31,cancelled,bank_transfer,Muscat,15.0
ORD-10938,CUST-1079,PROD-126,2,166.18,332.37,2023-03-10,completed,credit_card,Dubai,0.0
ORD-10152,CUST-1184,PROD-107,8,170.43,1363.45,2024-05-05,completed,paypal,,10.0
ORD-10744,CUST-1031,PROD-124,1,113.77,113.77,2023-02-08,completed,credit_card,Kuwait City,5.0
ORD-10452,CUST-1170,PROD-115,4,153.98,615.9,2024-01-26,pending,credit_card,Riyadh,15.0
ORD-10862,CUST-1030,PROD-113,3,207.78,623.33,2024-11-27,shipped,credit_card,Cairo,0.0
ORD-10425,CUST-1083,PROD-115,1,159.22,159.22,2023-10-14,cancelled,credit_card,Beirut,0.0
ORD-10595,CUST-1036,PROD-146,4,110.85,443.41,2023-03-24,pending,bank_transfer,Berlin,5.0
ORD-10059,CUST-1057,PROD-120,4,106.98,427.93,2023-11-24,cancelled,credit_card,Toronto,0.0
ORD-10426,CUST-1127,PROD-133,8,48.85,390.84,2024-12-30,delivered,credit_card,Berlin,15.0
ORD-10852,CUST-1044,PROD-100,2,26.09,52.19,2023-08-29,completed,debit_card,Beirut,0.0
ORD-10166,CUST-1066,PROD-111,7,129.03,903.2,2024-07-26,cancelled,paypal,Beirut,0.0
ORD-10726,CUST-1184,PROD-128,4,149.29,597.16,2024-12-10,returned,paypal,Riyadh,0.0
ORD-10356,CUST-1066,PROD-110,9,125.75,1131.71,2023-12-14,completed,debit_card,Sydney,20.0
ORD-10728,CUST-1193,PROD-111,8,6.6,52.77,2024-05-06,pending,credit_card,Doha,0.0
ORD-10988,CUST-1013,PROD-127,9,139.82,1258.39,2024-03-22,returned,paypal,Sydney,20.0
ORD-10673,CUST-1061,PROD-135,7,97.44,682.09,2024-01-30,pending,debit_card,Sydney,20.0
ORD-10278,CUST-1173,PROD-134,3,186.56,559.67,2023-08-27,cancelled,credit_card,New York,10.0
ORD-10006,CUST-1012,PROD-122,7,197.52,1382.65,2023-11-23,pending,paypal,London,10.0
ORD-10723,CUST-1062,PROD-116,3,173.98,521.93,2024-10-28,pending,apple_pay,London,15.0
ORD-10134,CUST-1192,PROD-139,9,121.34,1092.06,2024-07-28,returned,paypal,New York,0.0
ORD-10061,CUST-1187,PROD-134,4,41.89,41.89,2024-02-24,shipped,credit_card,Beirut,20.0
ORD-10484,CUST-1192,PROD-148,4,241.59,966.37,2023-05-01,delivered,cash_on_delivery,Riyadh,15.0
ORD-10965,CUST-1199,PROD-101,1,216.41,216.41,2023-02-01,processing,credit_card,Jeddah,0.0
ORD-10392,CUST-1095,PROD-119,5,124.05,620.26,2023-05-27,pending,paypal,London,0.0
ORD-10668,CUST-1002,PROD-120,7,48.91,342.37,2024-04-26,cancelled,apple_pay,Dubai,0.0
ORD-10872,CUST-1002,PROD-123,1,130.0,130.0,2023-01-13,completed,cash_on_delivery,Sydney,0.0
ORD-10362,CUST-1084,PROD-102,10,237.97,2379.7,2023-11-29,delivered,paypal,Dubai,5.0
ORD-10735,CUST-1083,PROD-149,7,206.96,1448.69,2023-06-04,cancelled,apple_pay,London,0.0
ORD-10089,CUST-1038,PROD-109,10,149.04,1490.44,2023-04-13,shipped,apple_pay,Doha,0.0
ORD-10742,CUST-1183,PROD-136,3,51.27,,2023-06-01,returned,credit_card,Kuwait City,0.0
ORD-10010,CUST-1078,PROD-116,6,130.64,783.84,2024-05-24,completed,paypal,Dubai,20.0
ORD-10701,CUST-1083,PROD-123,1,40.95,40.95,2024-10-15,pending,bank_transfer,Riyadh,20.0
ORD-10272,CUST-1036,PROD-134,7,58.5,,2024-10-20,completed,paypal,Dubai,0.0
ORD-10594,CUST-1151,PROD-107,1,124.65,124.65,2023-01-06,processing,apple_pay,Abu Dhabi,20.0
ORD-10046,CUST-1011,PROD-106,8,8.99,71.91,2023-11-06,completed,paypal,Berlin,20.0
ORD-10324,CUST-1030,PROD-109,7,103.15,722.07,2024-08-27,pending,cash_on_delivery,Sydney,0.0
ORD-10881,CUST-1046,PROD-141,8,96.87,775.0,2024-06-02,pending,credit_card,Sydney,0.0
ORD-10764,CUST-1134,PROD-106,10,120.42,1204.22,2024-11-07,delivered,cash_on_delivery,Dubai,0.0
ORD-10099,CUST-1188,PROD-102,10,178.48,1784.77,2024-08-08,processing,cash_on_delivery,Sydney,10.0
ORD-10537,CUST-1042,PROD-103,6,163.43,980.57,2023-07-19,delivered,cash_on_delivery,,20.0
ORD-10487,CUST-1176,PROD-106,1,63.09,63.09,2023-07-12,cancelled,paypal,Cairo,10.0
ORD-10896,CUST-1185,PROD-111,3,135.75,407.24,2023-07-11,delivered,paypal,Dubai,0.0
ORD-10219,CUST-1081,PROD-104,9,135.58,,2023-05-02,shipped,bank_transfer,Cairo,0.0
ORD-10856,CUST-1104,PROD-111,10,103.44,1034.36,2024-04-23,shipped,credit_card,Berlin,10.0
ORD-10177,CUST-1115,PROD-147,6,68.64,411.86,2024-01-04,processing,paypal,New York,10.0
ORD-10221,CUST-1152,PROD-114,4,173.41,693.63,2024-01-03,cancelled,cash_on_delivery,Beirut,0.0
ORD-10109,CUST-1140,PROD-116,8,176.96,1415.66,2023-07-30,completed,bank_transfer,Abu Dhabi,5.0
ORD-10627,CUST-1193,PROD-101,6,182.82,1096.91,2024-09-28,shipped,paypal,Kuwait City,0.0
ORD-10334,CUST-1042,PROD-139,5,94.02,470.08,2024-03-22,pending,paypal,Cairo,0.0
ORD-10924,CUST-1118,PROD-138,10,61.58,615.82,2023-11-19,processing,paypal,Dubai,15.0
ORD-10848,CUST-1145,PROD-116,4,130.22,520.88,2023-11-14,shipped,cash_on_delivery,Beirut,10.0
ORD-10333,CUST-1068,PROD-101,8,149.06,1192.46,2023-11-21,shipped,apple_pay,Toronto,0.0
ORD-10090,CUST-1044,PROD-117,7,40.24,40.24,2024-09-15,cancelled,paypal,Dubai,0.0
ORD-10956,CUST-1000,PROD-127,6,233.99,1403.94,2024-08-04,pending,debit_card,Jeddah,0.0
ORD-10650,CUST-1056,PROD-143,4,70.0,279.98,2023-05-06,completed,apple_pay,London,15.0
ORD-10372,CUST-1108,PROD-101,2,45.7,91.39,2023-06-06,pending,paypal,Sydney,0.0
ORD-10818,CUST-1125,PROD-120,3,17.74,53.23,2023-02-09,processing,apple_pay,Amman,0.0
ORD-10771,CUST-1196,PROD-110,4,141.83,567.31,2024-07-14,completed,cash_on_delivery,Kuwait City,15.0
ORD-10639,CUST-1172,PROD-137,3,153.36,460.08,2023-10-21,delivered,paypal,Berlin,0.0
ORD-10878,CUST-1120,PROD-121,2,174.4,348.8,2023-12-17,pending,cash_on_delivery,Amman,15.0
ORD-10341,CUST-1093,PROD-142,2,102.24,204.48,2023-05-24,returned,apple_pay,Berlin,5.0
ORD-10534,CUST-1120,PROD-126,6,113.77,682.64,2024-10-22,completed,debit_card,Dubai,0.0
ORD-10717,CUST-1192,PROD-115,5,88.9,444.49,2024-12-06,pending,credit_card,Amman,0.0
ORD-10495,CUST-1078,PROD-140,2,237.13,474.25,2024-02-21,completed,debit_card,Abu Dhabi,20.0
ORD-10492,CUST-1141,PROD-117,10,29.27,292.71,2023-02-19,delivered,apple_pay,Berlin,0.0
ORD-10981,CUST-1002,PROD-111,4,205.99,823.94,2023-01-31,completed,paypal,Amman,0.0
ORD-10914,CUST-1093,PROD-143,6,168.18,1009.11,2023-03-31,completed,credit_card,Jeddah,10.0
ORD-10887,CUST-1117,PROD-139,3,223.51,670.54,2023-08-14,shipped,bank_transfer,Jeddah,5.0
ORD-10122,CUST-1011,PROD-110,8,39.41,315.28,2024-02-24,shipped,paypal,Toronto,15.0
ORD-10313,CUST-1092,PROD-126,6,16.94,101.61,2023-10-26,delivered,debit_card,Sydney,0.0
ORD-10908,CUST-1087,PROD-139,6,213.4,1280.37,2023-09-22,processing,apple_pay,Toronto,15.0
ORD-10007,CUST-1118,PROD-103,9,106.11,954.95,2024-02-03,cancelled,cash_on_delivery,London,15.0
ORD-10824,CUST-1113,PROD-111,9,6.55,58.92,2023-06-30,delivered,credit_card,Sydney,0.0
ORD-10898,CUST-1041,PROD-140,10,189.86,1898.56,2023-10-03,cancelled,apple_pay,Berlin,0.0
ORD-10294,CUST-1135,PROD-102,5,109.35,546.73,2023-10-04,completed,apple_pay,New York,0.0
ORD-10499,CUST-1074,PROD-119,8,76.92,615.35,2023-08-07,processing,apple_pay,Dubai,0.0
ORD-10328,CUST-1138,PROD-134,1,238.38,238.38,2023-02-02,completed,apple_pay,Toronto,20.0
ORD-10774,CUST-1101,PROD-139,2,53.66,107.32,2023-04-03,shipped,bank_transfer,Beirut,5.0
ORD-10332,CUST-1063,PROD-115,5,150.17,750.85,2024-12-05,cancelled,bank_transfer,Berlin,0.0
ORD-10395,CUST-1188,PROD-117,2,217.16,434.32,2024-12-25,processing,apple_pay,Muscat,0.0
ORD-10269,CUST-1153,PROD-140,2,178.48,356.96,2023-05-03,delivered,debit_card,London,10.0
ORD-10897,CUST-1100,PROD-108,3,16.84,50.53,2023-09-06,cancelled,debit_card,London,15.0
ORD-10501,CUST-1110,PROD-131,4,25.76,103.05,2024-10-06,pending,paypal,Amman,20.0
ORD-10814,CUST-1041,PROD-126,2,135.41,270.83,2024-09-25,pending,credit_card,Riyadh,0.0
ORD-10610,CUST-1191,PROD-104,8,192.02,1536.17,2024-09-13,cancelled,bank_transfer,New York,15.0
ORD-10108,CUST-1096,PROD-140,5,193.96,193.96,2024-09-30,delivered,credit_card,Beirut,5.0
ORD-10516,CUST-1128,PROD-145,9,68.41,615.73,2023-08-14,cancelled,paypal,New York,10.0
ORD-10228,CUST-1140,PROD-124,1,193.22,193.22,2023-12-10,shipped,paypal,Toronto,0.0
ORD-10901,CUST-1166,PROD-119,7,64.9,454.3,2023-01-17,completed,bank_transfer,Jeddah,10.0
ORD-10378,CUST-1029,PROD-139,4,34.57,138.27,2023-08-18,delivered,apple_pay,Abu Dhabi,0.0
ORD-10542,CUST-1114,PROD-108,6,76.26,457.54,2024-09-30,returned,credit_card,Muscat,0.0
ORD-10950,CUST-1062,PROD-148,9,214.68,214.68,2024-08-11,delivered,apple_pay,Amman,0.0
ORD-10637,CUST-1081,PROD-117,4,209.82,839.29,2023-10-28,completed,paypal,Berlin,0.0
ORD-10226,CUST-1046,PROD-149,10,234.77,2347.71,2024-12-13,delivered,paypal,Abu Dhabi,20.0
ORD-10905,CUST-1170,PROD-149,9,183.52,1651.71,2024-08-02,processing,paypal,Toronto,15.0
ORD-10838,CUST-1075,PROD-101,1,164.65,164.65,2024-03-07,cancelled,debit_card,Toronto,0.0
ORD-10709,CUST-1107,PROD-138,5,83.25,416.27,2024-01-07,pending,bank_transfer,Doha,20.0
ORD-10754,CUST-1194,PROD-108,6,108.4,650.37,2024-11-08,processing,credit_card,Riyadh,0.0
ORD-10351,CUST-1153,PROD-116,3,26.82,80.46,2024-01-12,delivered,apple_pay,Doha,5.0
ORD-10182,CUST-1113,PROD-140,3,37.16,111.49,2023-06-24,cancelled,paypal,Riyadh,10.0
ORD-10494,CUST-1181,PROD-149,4,171.16,684.65,2024-04-03,shipped,apple_pay,Berlin,15.0
ORD-10802,CUST-1089,PROD-129,4,225.88,903.53,2023-02-27,pending,cash_on_delivery,Doha,0.0
ORD-10739,CUST-1136,PROD-110,9,212.34,1911.09,2023-03-31,processing,bank_transfer,Doha,0.0
ORD-10857,CUST-1085,PROD-122,8,115.44,923.51,2024-06-07,processing,debit_card,Kuwait City,10.0
ORD-10793,CUST-1150,PROD-147,10,137.98,1379.83,2024-10-18,shipped,paypal,Kuwait City,0.0
ORD-10996,CUST-1166,PROD-115,9,38.94,350.44,2024-07-28,completed,debit_card,Muscat,0.0
ORD-10266,CUST-1173,PROD-120,9,172.3,1550.74,2023-02-12,processing,paypal,Cairo,5.0
ORD-10989,CUST-1074,PROD-147,1,33.38,33.38,2023-08-11,cancelled,apple_pay,Kuwait City,10.0
ORD-10805,CUST-1144,PROD-134,2,9.85,19.7,2024-05-02,returned,paypal,New York,0.0
ORD-10892,CUST-1040,PROD-110,4,214.14,856.57,2024-10-22,completed,paypal,Berlin,10.0
ORD-10105,CUST-1193,PROD-133,4,9.39,37.56,2023-05-01,returned,paypal,Sydney,0.0
ORD-10199,CUST-1155,PROD-145,2,8.21,16.41,2023-08-02,shipped,cash_on_delivery,Dubai,20.0
ORD-10227,CUST-1082,PROD-144,3,181.0,543.01,2023-05-07,delivered,apple_pay,Riyadh,0.0
ORD-10815,CUST-1024,PROD-148,1,38.22,38.22,2024-01-26,cancelled,debit_card,Dubai,0.0
ORD-10589,CUST-1193,PROD-109,2,29.5,29.5,2023-12-10,shipped,paypal,Berlin,0.0
ORD-10545,CUST-1145,PROD-131,1,94.05,94.05,2023-10-21,returned,cash_on_delivery,New York,0.0
ORD-10136,CUST-1082,PROD-132,2,237.31,474.62,2023-06-21,pending,bank_transfer,Jeddah,0.0
ORD-10252,CUST-1175,PROD-138,7,85.22,596.51,2024-10-22,completed,debit_card,Doha,20.0
ORD-10680,CUST-1170,PROD-142,1,20.91,,2024-05-28,returned,paypal,Beirut,10.0
ORD-10943,CUST-1164,PROD-137,2,241.96,483.92,2023-09-12,delivered,credit_card,New York,0.0
ORD-10626,CUST-1168,PROD-127,9,17.8,160.23,2023-11-09,shipped,paypal,Muscat,15.0
ORD-10361,CUST-1174,PROD-143,2,101.57,203.14,2024-08-27,delivered,apple_pay,Cairo,0.0
ORD-10143,CUST-1171,PROD-141,4,29.51,118.04,2024-09-26,shipped,paypal,Riyadh,0.0
ORD-10820,CUST-1104,PROD-145,6,37.42,224.54,2023-12-21,processing,cash_on_delivery,Berlin,5.0
ORD-10403,CUST-1089,PROD-140,4,148.36,593.46,2024-06-06,completed,paypal,London,5.0
ORD-10607,CUST-1117,PROD-145,3,73.19,219.58,2024-05-11,processing,debit_card,Berlin,20.0
ORD-10471,CUST-1177,PROD-121,4,233.29,933.14,2024-09-07,processing,apple_pay,Beirut,15.0
ORD-10817,CUST-1162,PROD-120,5,179.3,896.48,2023-03-27,pending,paypal,Kuwait City,0.0
ORD-10684,CUST-1075,PROD-116,8,69.81,558.51,2024-05-16,completed,credit_card,Muscat,0.0
ORD-10902,CUST-1163,PROD-106,5,96.64,483.19,2023-12-25,cancelled,apple_pay,Berlin,0.0
ORD-10257,CUST-1035,PROD-141,7,215.74,1510.16,2024-12-13,cancelled,apple_pay,Jeddah,10.0
ORD-10833,CUST-1094,PROD-136,8,20.47,163.72,2024-02-04,processing,apple_pay,Kuwait City,0.0
ORD-10383,CUST-1111,PROD-103,7,191.0,1337.01,2024-07-11,cancelled,paypal,Berlin,20.0
ORD-10350,CUST-1005,PROD-101,9,163.54,1471.87,2024-10-03,pending,debit_card,,0.0
ORD-10180,CUST-1191,PROD-137,9,241.55,2173.98,2024-02-28,pending,credit_card,Beirut,5.0
ORD-10702,CUST-1184,PROD-141,2,210.03,420.06,2024-03-19,delivered,credit_card,Doha,15.0
ORD-10286,CUST-1124,PROD-132,2,22.36,44.72,2023-08-29,shipped,paypal,Amman,15.0
ORD-10171,CUST-1123,PROD-123,10,82.28,822.77,2024-11-08,returned,debit_card,Toronto,0.0
ORD-10127,CUST-1181,PROD-107,6,142.76,856.55,2024-08-19,delivered,credit_card,Dubai,0.0
ORD-10688,CUST-1187,PROD-125,8,209.35,1674.83,2023-09-16,pending,apple_pay,Beirut,20.0
ORD-10582,CUST-1042,PROD-143,5,238.12,1190.58,2024-08-14,completed,paypal,,0.0
ORD-10790,CUST-1061,PROD-131,4,199.54,798.17,2023-02-12,completed,apple_pay,New York,0.0
ORD-10339,CUST-1103,PROD-115,2,41.74,83.48,2023-01-29,processing,credit_card,Cairo,10.0
ORD-10634,CUST-1083,PROD-138,6,87.07,,2024-02-22,shipped,credit_card,Riyadh,0.0
ORD-10390,CUST-1112,PROD-144,8,184.27,1474.17,2024-02-03,completed,apple_pay,Abu Dhabi,15.0
ORD-10724,CUST-1187,PROD-104,3,133.03,399.08,2023-03-04,delivered,credit_card,New York,5.0
ORD-10369,CUST-1054,PROD-111,2,188.02,376.04,2024-09-10,completed,debit_card,Doha,0.0
ORD-10030,CUST-1027,PROD-100,2,68.39,136.78,2024-06-06,delivered,apple_pay,Dubai,0.0
ORD-10275,CUST-1093,PROD-134,6,24.71,148.27,2024-04-15,pending,bank_transfer,New York,0.0
ORD-10053,CUST-1093,PROD-134,3,191.87,575.6,2023-03-16,completed,credit_card,Beirut,20.0
ORD-10377,CUST-1077,PROD-115,4,141.42,565.69,2023-01-19,cancelled,credit_card,Amman,0.0
ORD-10640,CUST-1003,PROD-110,2,107.56,215.13,2024-07-21,shipped,credit_card,Abu Dhabi,10.0
ORD-10190,CUST-1031,PROD-149,4,99.28,397.1,2024-03-29,completed,apple_pay,Jeddah,0.0
ORD-10687,CUST-1002,PROD-110,7,121.5,850.48,2023-11-12,completed,apple_pay,Doha,0.0
ORD-10983,CUST-1014,PROD-104,5,152.9,764.52,2023-05-07,pending,bank_transfer,Amman,0.0
ORD-10536,CUST-1102,PROD-139,1,58.63,58.63,2023-07-08,cancelled,cash_on_delivery,Beirut,0.0
ORD-10973,CUST-1068,PROD-115,3,169.88,509.65,2023-05-25,processing,paypal,Riyadh,0.0
ORD-10705,CUST-1138,PROD-124,8,232.82,1862.55,2023-01-13,cancelled,paypal,Riyadh,0.0
ORD-10658,CUST-1009,PROD-101,9,30.12,271.06,2024-12-02,delivered,paypal,,5.0
ORD-10039,CUST-1008,PROD-117,4,136.71,546.86,2023-06-22,cancelled,cash_on_delivery,Toronto,0.0
ORD-10505,CUST-1196,PROD-143,4,17.75,71.0,2023-12-17,shipped,paypal,London,10.0
ORD-10590,CUST-1028,PROD-117,9,183.41,1650.72,2023-01-22,shipped,apple_pay,,0.0
ORD-10327,CUST-1154,PROD-143,6,42.42,254.52,2024-09-28,cancelled,apple_pay,Kuwait City,0.0
ORD-10132,CUST-1033,PROD-110,10,212.27,2122.73,2023-01-06,completed,paypal,Muscat,0.0
ORD-10157,CUST-1133,PROD-126,6,219.33,1315.99,2024-12-15,delivered,credit_card,Cairo,0.0
ORD-10509,CUST-1089,PROD-145,7,65.51,458.55,2023-02-18,shipped,paypal,Cairo,5.0
ORD-10517,CUST-1071,PROD-108,5,218.98,1094.89,2023-02-22,returned,cash_on_delivery,London,20.0
ORD-10446,CUST-1056,PROD-106,3,182.38,547.15,2023-02-15,cancelled,bank_transfer,Abu Dhabi,15.0
ORD-10588,CUST-1152,PROD-122,8,147.87,,2024-05-15,processing,paypal,Kuwait City,10.0
ORD-10779,CUST-1137,PROD-120,2,202.78,405.55,2024-09-10,pending,apple_pay,Sydney,0.0
ORD-10777,CUST-1105,PROD-111,9,147.32,1325.87,2024-10-04,shipped,cash_on_delivery,Berlin,15.0
ORD-10393,CUST-1000,PROD-107,9,90.42,813.77,2023-02-15,returned,debit_card,Kuwait City,0.0
ORD-10859,CUST-1140,PROD-142,3,186.23,558.69,2024-01-12,delivered,cash_on_delivery,Beirut,0.0
ORD-10544,CUST-1071,PROD-136,6,91.58,549.45,2023-03-14,pending,apple_pay,Riyadh,5.0
ORD-10625,CUST-1150,PROD-124,5,207.66,1038.29,2023-03-28,cancelled,credit_card,Beirut,10.0
ORD-10506,CUST-1063,PROD-117,2,216.72,433.44,2024-12-18,delivered,credit_card,Kuwait City,10.0
ORD-10472,CUST-1057,PROD-116,2,76.29,152.58,2023-04-25,shipped,debit_card,Beirut,0.0
ORD-10679,CUST-1049,PROD-141,10,185.68,1856.76,2023-12-07,cancelled,credit_card,Beirut,0.0
ORD-10642,CUST-1184,PROD-102,2,185.99,371.99,2023-12-30,delivered,debit_card,Muscat,5.0
ORD-10065,CUST-1080,PROD-126,2,136.3,272.6,2023-01-08,pending,credit_card,Sydney,0.0
ORD-10628,CUST-1108,PROD-136,10,193.41,1934.08,2023-09-24,completed,paypal,Cairo,5.0
ORD-10079,CUST-1063,PROD-144,2,90.87,181.74,2023-04-21,shipped,cash_on_delivery,Abu Dhabi,0.0
ORD-10281,CUST-1043,PROD-144,6,140.58,843.51,2024-03-25,processing,bank_transfer,Dubai,0.0
ORD-10740,CUST-1189,PROD-109,6,22.89,137.35,2024-10-25,shipped,paypal,,0.0
ORD-10630,CUST-1045,PROD-128,8,9.23,73.84,2023-01-10,completed,paypal,Kuwait City,0.0
ORD-10026,CUST-1122,PROD-120,3,241.32,723.96,2023-11-23,shipped,paypal,Beirut,0.0
ORD-10915,CUST-1100,PROD-131,2,70.5,140.99,2023-10-26,pending,debit_card,London,5.0
ORD-10672,CUST-1036,PROD-110,8,219.28,1754.24,2023-11-28,shipped,apple_pay,Kuwait City,5.0
ORD-10903,CUST-1017,PROD-122,6,52.4,314.41,2024-06-02,pending,credit_card,,15.0
ORD-10399,CUST-1015,PROD-139,6,49.46,296.74,2024-12-31,shipped,credit_card,Jeddah,15.0
ORD-10991,CUST-1144,PROD-137,2,201.81,403.61,2023-10-20,shipped,bank_transfer,Muscat,0.0
ORD-10411,CUST-1082,PROD-127,7,72.14,504.97,2024-11-27,completed,paypal,Kuwait City,0.0
ORD-10855,CUST-1059,PROD-145,1,75.2,75.2,2023-01-04,shipped,apple_pay,Amman,0.0
ORD-10781,CUST-1016,PROD-143,6,21.03,126.16,2023-10-10,shipped,paypal,Cairo,20.0
ORD-10183,CUST-1151,PROD-138,8,159.61,1276.85,2024-10-13,pending,credit_card,Amman,0.0
ORD-10365,CUST-1068,PROD-136,10,108.65,1086.52,2024-03-08,cancelled,paypal,London,10.0
ORD-10451,CUST-1189,PROD-121,3,73.14,219.42,2024-10-21,pending,cash_on_delivery,Jeddah,0.0
ORD-10670,CUST-1159,PROD-149,7,233.91,1637.34,2024-07-28,pending,debit_card,Abu Dhabi,10.0
ORD-10711,CUST-1162,PROD-101,10,59.93,599.27,2024-09-16,returned,apple_pay,Amman,0.0
ORD-10036,CUST-1157,PROD-137,2,169.67,339.33,2023-11-17,cancelled,bank_transfer,Riyadh,0.0
ORD-10468,CUST-1102,PROD-147,10,199.52,1995.2,2023-12-23,pending,paypal,Sydney,0.0
ORD-10861,CUST-1126,PROD-109,2,175.26,350.52,2023-11-10,pending,credit_card,,20.0
ORD-10958,CUST-1175,PROD-127,3,173.54,520.62,2023-12-06,completed,credit_card,Jeddah,5.0
ORD-10641,CUST-1131,PROD-133,7,226.54,1585.81,2023-12-29,shipped,cash_on_delivery,Muscat,5.0
ORD-10933,CUST-1166,PROD-121,7,188.68,1320.79,2023-01-08,completed,apple_pay,Kuwait City,0.0
ORD-10355,CUST-1155,PROD-142,10,178.84,1788.44,2023-02-16,completed,apple_pay,,10.0
ORD-10290,CUST-1055,PROD-137,8,210.06,1680.5,2023-10-13,pending,debit_card,Berlin,0.0
ORD-10828,CUST-1080,PROD-134,4,60.89,243.55,2023-06-24,shipped,apple_pay,Doha,0.0
ORD-10662,CUST-1115,PROD-114,10,243.92,2439.22,2024-11-02,completed,credit_card,Riyadh,15.0
ORD-10067,CUST-1118,PROD-106,3,34.76,104.27,2023-03-05,returned,paypal,Abu Dhabi,0.0
ORD-10823,CUST-1000,PROD-127,4,56.5,226.01,2023-03-23,cancelled,paypal,Muscat,0.0
ORD-10566,CUST-1123,PROD-139,10,138.89,1388.88,2023-12-06,cancelled,credit_card,Toronto,10.0
ORD-10524,CUST-1160,PROD-134,2,10.2,20.39,2023-02-15,pending,credit_card,Beirut,10.0
ORD-10624,CUST-1078,PROD-147,9,56.64,509.75,2024-01-17,completed,apple_pay,Cairo,20.0
ORD-10345,CUST-1136,PROD-115,8,100.18,801.4,2024-02-07,completed,apple_pay,Berlin,0.0
ORD-10305,CUST-1006,PROD-125,10,211.01,2110.15,2024-01-04,delivered,paypal,Abu Dhabi,0.0
ORD-10133,CUST-1018,PROD-145,6,133.72,802.33,2023-07-08,processing,cash_on_delivery,Cairo,15.0
ORD-10663,CUST-1125,PROD-137,4,25.55,102.21,2024-02-17,pending,bank_transfer,Amman,10.0
ORD-10519,CUST-1184,PROD-147,7,236.69,1656.8,2023-09-21,returned,bank_transfer,Jeddah,0.0
ORD-10930,CUST-1090,PROD-111,7,202.62,1418.32,2024-07-12,completed,debit_card,Kuwait City,15.0
ORD-10733,CUST-1142,PROD-135,4,200.38,801.53,2024-09-24,cancelled,credit_card,Beirut,0.0
ORD-10612,CUST-1052,PROD-102,3,223.86,671.57,2024-01-04,cancelled,apple_pay,Jeddah,0.0
ORD-10854,CUST-1051,PROD-117,1,169.45,169.45,2023-07-12,returned,bank_transfer,London,0.0
ORD-10443,CUST-1120,PROD-117,3,46.79,140.38,2023-01-19,completed,credit_card,Dubai,20.0
ORD-10555,CUST-1179,PROD-131,8,106.44,851.55,2023-12-27,shipped,cash_on_delivery,Muscat,10.0
ORD-10678,CUST-1180,PROD-147,3,218.37,655.12,2023-05-15,delivered,credit_card,Sydney,20.0
ORD-10235,CUST-1033,PROD-139,10,126.62,1266.17,2024-10-09,completed,credit_card,Toronto,5.0
ORD-10747,CUST-1120,PROD-101,5,183.76,,2023-11-28,cancelled,debit_card,Doha,0.0
ORD-10708,CUST-1137,PROD-108,7,153.74,1076.21,2023-05-07,completed,bank_transfer,Amman,15.0
ORD-10619,CUST-1174,PROD-143,1,140.36,140.36,2023-02-23,cancelled,debit_card,Abu Dhabi,0.0
ORD-10034,CUST-1115,PROD-137,7,100.26,701.85,2024-12-22,delivered,apple_pay,Amman,15.0
ORD-10338,CUST-1037,PROD-115,3,187.88,563.63,2023-04-11,pending,paypal,Cairo,15.0
ORD-10038,CUST-1091,PROD-100,8,38.45,307.61,2024-01-29,completed,credit_card,Jeddah,20.0
ORD-10129,CUST-1026,PROD-139,9,216.89,1951.98,2024-10-24,shipped,bank_transfer,Toronto,0.0
ORD-10162,CUST-1120,PROD-138,7,26.59,,2023-09-27,shipped,bank_transfer,Kuwait City,20.0
ORD-10893,CUST-1023,PROD-139,9,17.27,155.39,2023-03-23,shipped,paypal,Riyadh,15.0
ORD-10295,CUST-1013,PROD-107,7,94.57,661.99,2024-09-25,delivered,paypal,Amman,15.0
ORD-10554,CUST-1107,PROD-144,9,194.72,194.72,2024-07-09,shipped,credit_card,Cairo,5.0
ORD-10623,CUST-1134,PROD-117,6,175.95,1055.72,2024-05-30,completed,paypal,Sydney,15.0
ORD-10440,CUST-1070,PROD-140,9,76.51,688.62,2023-03-10,completed,credit_card,Toronto,0.0
ORD-10240,CUST-1146,PROD-138,7,50.91,356.35,2023-04-30,cancelled,paypal,Sydney,20.0
ORD-10274,CUST-1138,PROD-114,1,99.18,99.18,2024-06-12,shipped,credit_card,New York,5.0
ORD-10931,CUST-1122,PROD-148,6,12.3,73.79,2024-03-02,returned,apple_pay,London,5.0
ORD-10925,CUST-1010,PROD-114,8,63.55,508.4,2023-01-03,cancelled,paypal,New York,0.0
ORD-10604,CUST-1043,PROD-132,9,54.09,486.77,2024-05-06,shipped,bank_transfer,Abu Dhabi,0.0
ORD-10570,CUST-1130,PROD-116,10,105.4,1054.03,2024-09-10,shipped,bank_transfer,Amman,15.0
ORD-10040,CUST-1194,PROD-146,8,138.86,1110.85,2024-03-11,cancelled,paypal,Sydney,5.0
ORD-10608,CUST-1033,PROD-144,6,149.27,895.61,2024-08-17,completed,paypal,Abu Dhabi,0.0
ORD-10773,CUST-1092,PROD-148,3,240.03,720.09,2023-11-27,cancelled,apple_pay,Kuwait City,10.0
ORD-10467,CUST-1094,PROD-128,10,173.12,1731.15,2024-05-01,completed,cash_on_delivery,Jeddah,0.0
ORD-10927,CUST-1003,PROD-143,7,24.52,171.65,2024-10-24,delivered,paypal,Cairo,20.0
ORD-10581,CUST-1181,PROD-129,3,212.71,638.14,2023-04-19,delivered,bank_transfer,Cairo,0.0
ORD-10821,CUST-1005,PROD-108,2,64.53,64.53,2023-01-07,completed,cash_on_delivery,Muscat,5.0
ORD-10142,CUST-1192,PROD-135,8,162.95,1303.56,2023-03-16,delivered,apple_pay,Amman,10.0
ORD-10584,CUST-1187,PROD-127,4,77.03,308.13,2024-02-17,completed,paypal,Jeddah,5.0
ORD-10801,CUST-1112,PROD-147,3,113.3,,2023-02-12,completed,cash_on_delivery,Cairo,10.0
ORD-10788,CUST-1129,PROD-109,8,12.43,99.47,2023-02-09,pending,credit_card,Riyadh,10.0
ORD-10666,CUST-1108,PROD-131,3,158.41,475.23,2024-06-21,pending,paypal,Muscat,0.0
ORD-10535,CUST-1108,PROD-143,8,140.77,1126.15,2023-09-22,cancelled,bank_transfer,Riyadh,15.0
ORD-10074,CUST-1138,PROD-119,3,125.16,375.47,2023-04-03,shipped,paypal,Amman,10.0
ORD-10750,CUST-1011,PROD-134,7,191.81,1342.69,2024-06-21,pending,credit_card,Abu Dhabi,5.0
ORD-10153,CUST-1034,PROD-140,9,14.6,131.42,2024-08-09,cancelled,bank_transfer,Muscat,0.0
ORD-10583,CUST-1090,PROD-116,2,232.1,464.19,2023-03-28,shipped,credit_card,,0.0
ORD-10841,CUST-1127,PROD-104,2,39.28,78.56,2023-04-15,delivered,credit_card,Kuwait City,0.0
ORD-10271,CUST-1099,PROD-121,1,68.27,68.27,2023-09-29,pending,bank_transfer,Doha,5.0
ORD-10886,CUST-1052,PROD-134,10,9.27,92.73,2023-06-14,completed,paypal,Jeddah,15.0
ORD-10107,CUST-1004,PROD-114,4,183.16,732.63,2023-05-15,completed,cash_on_delivery,Toronto,0.0
ORD-10962,CUST-1013,PROD-133,3,137.06,411.18,2023-08-26,cancelled,credit_card,Kuwait City,5.0
ORD-10877,CUST-1071,PROD-125,5,118.8,594.02,2023-12-16,delivered,apple_pay,Muscat,10.0
ORD-10343,CUST-1104,PROD-116,10,18.7,187.02,2024-06-30,completed,cash_on_delivery,Amman,20.0
ORD-10795,CUST-1146,PROD-140,10,8.82,88.2,2024-01-26,shipped,debit_card,Sydney,15.0
ORD-10835,CUST-1098,PROD-148,3,157.78,473.35,2023-03-25,shipped,paypal,Cairo,10.0
ORD-10374,CUST-1059,PROD-145,1,134.44,134.44,2024-03-08,processing,cash_on_delivery,Beirut,0.0
ORD-10675,CUST-1119,PROD-149,6,183.48,1100.88,2023-08-07,delivered,credit_card,Amman,15.0
ORD-10695,CUST-1041,PROD-125,9,209.39,1884.48,2024-04-21,completed,cash_on_delivery,Kuwait City,0.0
ORD-10402,CUST-1137,PROD-127,9,115.68,1041.09,2023-01-02,cancelled,paypal,Sydney,0.0
ORD-10088,CUST-1186,PROD-104,2,100.08,200.17,2024-02-11,returned,apple_pay,Abu Dhabi,0.0
ORD-10163,CUST-1182,PROD-138,1,236.7,236.7,2023-06-29,completed,apple_pay,Jeddah,10.0
ORD-10690,CUST-1023,PROD-119,3,201.36,604.09,2024-04-14,pending,credit_card,Sydney,15.0
ORD-10335,CUST-1057,PROD-139,2,180.84,361.68,2024-08-15,cancelled,bank_transfer,Toronto,5.0
ORD-10357,CUST-1191,PROD-123,7,74.32,520.22,2023-09-27,delivered,debit_card,Berlin,0.0
ORD-10644,CUST-1144,PROD-133,9,147.06,147.06,2024-03-12,delivered,paypal,Cairo,0.0
ORD-10229,CUST-1073,PROD-140,3,33.8,101.4,2023-05-15,cancelled,apple_pay,Muscat,0.0
ORD-10184,CUST-1066,PROD-109,5,7.59,37.93,2024-06-19,delivered,apple_pay,Toronto,0.0
ORD-10895,CUST-1060,PROD-101,4,152.65,610.58,2023-03-20,completed,apple_pay,Doha,0.0
ORD-10674,CUST-1182,PROD-109,7,142.32,996.23,2024-05-16,processing,cash_on_delivery,Sydney,0.0
ORD-10086,CUST-1141,PROD-103,7,205.51,1438.56,2024-03-04,shipped,credit_card,Berlin,10.0
ORD-10147,CUST-1034,PROD-129,9,130.05,1170.46,2024-11-02,delivered,apple_pay,Riyadh,10.0
ORD-10553,CUST-1037,PROD-131,6,32.83,197.0,2024-11-21,returned,credit_card,,15.0
ORD-10966,CUST-1025,PROD-128,9,163.65,1472.84,2023-02-28,delivered,apple_pay,Toronto,20.0
ORD-10002,CUST-1000,PROD-148,1,244.73,244.73,2024-04-19,pending,paypal,London,5.0
ORD-10782,CUST-1084,PROD-114,10,200.61,200.61,2024-04-06,returned,credit_card,Amman,5.0
ORD-10373,CUST-1013,PROD-121,1,30.15,30.15,2024-12-31,completed,apple_pay,Kuwait City,0.0
ORD-10015,CUST-1027,PROD-106,9,41.48,373.32,2023-07-16,cancelled,paypal,Jeddah,20.0
ORD-10811,CUST-1164,PROD-125,10,196.56,1965.55,2023-07-22,delivered,apple_pay,Berlin,0.0
ORD-10150,CUST-1093,PROD-137,2,131.58,263.16,2024-01-21,returned,credit_card,Riyadh,0.0
ORD-10826,CUST-1072,PROD-148,3,20.84,62.52,2023-03-06,cancelled,credit_card,New York,5.0
ORD-10798,CUST-1032,PROD-142,4,22.28,89.11,2023-04-28,delivered,paypal,London,0.0
ORD-10530,CUST-1148,PROD-145,7,134.1,938.71,2024-11-12,pending,credit_card,Doha,10.0
ORD-10414,CUST-1195,PROD-106,8,146.84,1174.71,2023-03-29,delivered,apple_pay,Muscat,0.0
ORD-10241,CUST-1055,PROD-133,5,47.88,239.39,2024-01-19,cancelled,debit_card,Berlin,0.0
ORD-10508,CUST-1104,PROD-133,5,176.54,882.69,2023-08-25,completed,paypal,Amman,20.0
ORD-10990,CUST-1104,PROD-102,4,62.27,249.07,2024-01-19,delivered,credit_card,Dubai,0.0
ORD-10062,CUST-1026,PROD-113,9,245.86,2212.77,2024-05-03,cancelled,bank_transfer,Amman,0.0
ORD-10716,CUST-1194,PROD-137,2,181.89,363.78,2024-11-01,processing,credit_card,London,0.0
ORD-10489,CUST-1018,PROD-140,5,248.86,1244.32,2024-12-14,shipped,bank_transfer,Muscat,15.0
ORD-10121,CUST-1183,PROD-142,6,180.4,1082.39,2023-04-27,processing,paypal,Amman,5.0
ORD-10870,CUST-1017,PROD-104,2,69.38,138.76,2024-11-11,completed,credit_card,New York,15.0
ORD-10412,CUST-1080,PROD-100,7,52.68,368.75,2023-03-25,pending,debit_card,Abu Dhabi,5.0
ORD-10438,CUST-1016,PROD-125,10,202.85,2028.54,2024-06-22,processing,apple_pay,Sydney,20.0
ORD-10651,CUST-1000,PROD-127,2,125.22,250.44,2024-09-17,pending,bank_transfer,Jeddah,0.0
ORD-10736,CUST-1035,PROD-149,2,218.33,436.66,2024-12-17,completed,cash_on_delivery,Doha,0.0
ORD-10998,CUST-1104,PROD-140,2,231.25,462.5,2023-08-10,completed,paypal,Amman,0.0
ORD-10602,CUST-1154,PROD-107,9,28.73,258.58,2023-07-29,shipped,credit_card,Cairo,0.0
ORD-10719,CUST-1065,PROD-140,4,11.86,47.44,2023-05-08,cancelled,apple_pay,Muscat,10.0
ORD-10804,CUST-1185,PROD-120,6,14.42,86.49,2023-04-17,shipped,credit_card,Toronto,0.0
ORD-10504,CUST-1174,PROD-145,3,84.6,253.79,2024-02-14,completed,debit_card,Kuwait City,0.0
ORD-10023,CUST-1105,PROD-124,2,182.59,365.17,2024-07-26,completed,paypal,Doha,10.0
ORD-10756,CUST-1159,PROD-116,9,112.77,1014.9,2023-10-14,cancelled,apple_pay,Abu Dhabi,0.0
ORD-10460,CUST-1164,PROD-145,7,102.43,717.0,2024-08-23,delivered,paypal,Kuwait City,0.0
ORD-10979,CUST-1134,PROD-129,2,138.37,276.75,2024-09-13,cancelled,paypal,New York,0.0
ORD-10894,CUST-1104,PROD-119,3,132.52,397.57,2023-08-26,pending,apple_pay,Beirut,10.0
ORD-10234,CUST-1156,PROD-103,2,144.98,289.97,2024-06-10,shipped,cash_on_delivery,Muscat,0.0
ORD-10346,CUST-1008,PROD-117,2,206.68,413.37,2024-05-18,completed,paypal,Amman,0.0
ORD-10029,CUST-1139,PROD-102,6,176.9,1061.4,2024-07-03,returned,bank_transfer,Amman,0.0
ORD-10418,CUST-1079,PROD-137,9,195.0,1754.97,2023-05-31,pending,apple_pay,Kuwait City,0.0
ORD-10326,CUST-1037,PROD-149,8,31.47,251.75,2023-09-14,completed,apple_pay,Riyadh,0.0
ORD-10697,CUST-1136,PROD-123,2,197.45,394.89,2024-10-03,delivered,paypal,Sydney,0.0
ORD-10556,CUST-1138,PROD-127,7,74.83,523.82,2024-06-11,completed,credit_card,Dubai,0.0
ORD-10181,CUST-1024,PROD-104,8,139.37,1114.93,2023-01-27,completed,bank_transfer,Jeddah,20.0
ORD-10527,CUST-1026,PROD-117,8,167.12,1336.99,2023-09-29,completed,debit_card,Beirut,0.0
ORD-10868,CUST-1099,PROD-149,3,194.25,582.76,2023-02-14,delivered,credit_card,Riyadh,10.0
ORD-10117,CUST-1171,PROD-121,9,133.16,1198.44,2024-12-18,completed,apple_pay,Muscat,0.0
ORD-10248,CUST-1157,PROD-116,6,101.06,606.35,2024-12-17,completed,cash_on_delivery,Sydney,10.0
ORD-10552,CUST-1002,PROD-135,10,53.65,536.47,2024-11-14,delivered,cash_on_delivery,,0.0
ORD-10842,CUST-1134,PROD-126,7,175.17,1226.22,2024-07-15,pending,paypal,New York,0.0
ORD-10436,CUST-1116,PROD-103,6,132.04,792.24,2023-06-25,delivered,credit_card,Berlin,15.0
ORD-10776,CUST-1062,PROD-114,8,163.73,1309.87,2023-08-10,cancelled,bank_transfer,Muscat,15.0
ORD-10239,CUST-1142,PROD-134,1,56.02,56.02,2024-12-02,completed,cash_on_delivery,New York,10.0
ORD-10448,CUST-1105,PROD-119,10,127.4,1273.96,2023-04-15,shipped,bank_transfer,Toronto,10.0
ORD-10621,CUST-1184,PROD-115,1,23.77,23.77,2023-10-05,completed,bank_transfer,Abu Dhabi,5.0
ORD-10703,CUST-1194,PROD-127,5,187.98,939.92,2023-07-10,pending,credit_card,Dubai,0.0
ORD-10748,CUST-1015,PROD-138,4,217.25,869.02,2024-11-07,cancelled,debit_card,Toronto,10.0
ORD-10803,CUST-1112,PROD-104,4,152.41,609.63,2023-10-22,shipped,apple_pay,Muscat,10.0
ORD-10907,CUST-1053,PROD-100,2,45.03,90.06,2023-02-08,completed,apple_pay,New York,0.0
ORD-10752,CUST-1157,PROD-142,2,122.06,244.12,2024-08-07,pending,credit_card,London,0.0
ORD-10348,CUST-1160,PROD-119,6,146.07,876.44,2023-04-24,returned,bank_transfer,Amman,0.0
ORD-10969,CUST-1092,PROD-146,9,72.39,651.55,2023-06-03,pending,cash_on_delivery,Dubai,0.0
ORD-10586,CUST-1088,PROD-140,5,177.93,889.67,2023-10-22,delivered,paypal,New York,5.0
ORD-10429,CUST-1075,PROD-132,9,138.93,,2023-03-22,pending,cash_on_delivery,Amman,20.0
ORD-10531,CUST-1028,PROD-103,6,93.41,560.46,2023-05-23,shipped,paypal,Jeddah,0.0
ORD-10267,CUST-1065,PROD-141,10,100.83,1008.33,2024-11-22,delivered,debit_card,Dubai,0.0
ORD-10643,CUST-1038,PROD-100,10,150.3,1502.97,2024-11-21,completed,paypal,Amman,0.0
ORD-10928,CUST-1106,PROD-110,7,55.0,385.02,2023-06-17,completed,credit_card,Dubai,15.0
ORD-10186,CUST-1160,PROD-115,9,192.31,1730.81,2024-09-19,completed,debit_card,New York,0.0
ORD-10847,CUST-1052,PROD-111,2,15.21,30.41,2023-04-20,returned,paypal,Dubai,15.0
ORD-10549,CUST-1120,PROD-109,4,83.45,333.78,2023-02-02,pending,credit_card,New York,0.0
ORD-10603,CUST-1123,PROD-111,4,211.22,844.89,2024-07-13,completed,credit_card,Sydney,15.0
ORD-10840,CUST-1184,PROD-124,9,11.24,101.15,2024-03-20,returned,credit_card,Dubai,10.0
ORD-10899,CUST-1165,PROD-133,6,197.66,1185.99,2024-08-14,delivered,credit_card,Muscat,0.0
ORD-10094,CUST-1162,PROD-107,1,64.27,64.27,2024-05-15,pending,credit_card,Beirut,0.0
ORD-10654,CUST-1153,PROD-126,4,12.1,48.38,2023-10-02,pending,cash_on_delivery,Toronto,0.0
ORD-10165,CUST-1023,PROD-135,5,182.9,914.52,2024-07-26,pending,apple_pay,Muscat,0.0
ORD-10853,CUST-1007,PROD-102,8,110.96,887.68,2024-04-21,delivered,paypal,London,0.0
ORD-10014,CUST-1168,PROD-131,1,6.62,6.62,2024-07-18,delivered,bank_transfer,Berlin,10.0
ORD-10961,CUST-1197,PROD-134,8,232.18,1857.41,2024-08-18,completed,apple_pay,Berlin,10.0
ORD-10191,CUST-1099,PROD-143,5,234.37,1171.86,2023-12-06,pending,cash_on_delivery,Sydney,15.0
ORD-10174,CUST-1107,PROD-144,6,94.44,566.66,2024-02-15,returned,paypal,London,20.0
ORD-10975,CUST-1040,PROD-122,6,190.63,1143.76,2023-02-13,completed,paypal,Sydney,0.0
ORD-10511,CUST-1060,PROD-141,5,56.46,282.29,2024-01-29,returned,credit_card,,15.0
ORD-10809,CUST-1118,PROD-135,7,96.83,677.81,2023-11-11,processing,apple_pay,Sydney,0.0
ORD-10758,CUST-1088,PROD-119,8,111.86,894.88,2023-03-26,processing,paypal,Jeddah,0.0
ORD-10474,CUST-1080,PROD-109,5,210.12,1050.59,2024-05-26,completed,cash_on_delivery,London,5.0
ORD-10145,CUST-1124,PROD-135,2,48.06,96.13,2024-09-13,delivered,credit_card,Berlin,0.0
ORD-10110,CUST-1072,PROD-107,2,126.95,253.89,2024-09-15,pending,debit_card,,0.0
ORD-10547,CUST-1074,PROD-124,3,144.68,434.05,2023-03-16,cancelled,apple_pay,Riyadh,5.0
ORD-10481,CUST-1198,PROD-144,2,195.54,391.09,2024-10-27,completed,apple_pay,Berlin,15.0
ORD-10407,CUST-1153,PROD-122,7,48.41,,2024-12-14,delivered,credit_card,New York,0.0
ORD-10987,CUST-1195,PROD-101,7,42.73,299.1,2024-04-11,delivered,paypal,Amman,0.0
ORD-10851,CUST-1076,PROD-149,1,225.14,225.14,2023-11-06,completed,credit_card,Berlin,0.0
ORD-10256,CUST-1106,PROD-109,5,249.38,1246.88,2024-11-17,completed,apple_pay,Riyadh,5.0
ORD-10698,CUST-1111,PROD-103,8,74.02,592.16,2023-05-05,shipped,paypal,New York,20.0
ORD-10993,CUST-1163,PROD-136,4,41.0,163.99,2024-08-01,pending,paypal,Berlin,15.0
ORD-10462,CUST-1125,PROD-100,2,22.11,44.22,2024-12-14,completed,paypal,Kuwait City,5.0
ORD-10242,CUST-1187,PROD-133,5,195.01,975.03,2023-05-27,completed,apple_pay,Sydney,5.0
ORD-10054,CUST-1160,PROD-145,9,192.94,1736.48,2024-09-03,cancelled,paypal,Riyadh,0.0
ORD-10291,CUST-1106,PROD-102,1,247.86,247.86,2024-05-31,cancelled,apple_pay,Kuwait City,0.0
ORD-10282,CUST-1020,PROD-100,1,48.96,48.96,2023-04-02,completed,paypal,Beirut,15.0
ORD-10441,CUST-1104,PROD-128,3,66.93,200.78,2024-06-02,processing,apple_pay,London,0.0
ORD-10096,CUST-1153,PROD-100,4,66.84,267.34,2023-11-09,pending,apple_pay,Beirut,5.0
ORD-10044,CUST-1096,PROD-128,2,160.24,320.48,2023-04-06,delivered,credit_card,Doha,0.0
ORD-10522,CUST-1005,PROD-107,1,192.04,192.04,2024-10-21,returned,credit_card,Dubai,5.0
ORD-10405,CUST-1069,PROD-115,6,88.7,532.2,2024-04-15,returned,apple_pay,,0.0
ORD-10884,CUST-1071,PROD-106,9,136.13,136.13,2023-05-11,shipped,paypal,Jeddah,15.0
ORD-10144,CUST-1080,PROD-127,3,6.18,18.55,2023-09-10,cancelled,apple_pay,Toronto,20.0
ORD-10048,CUST-1019,PROD-108,10,60.42,604.17,2024-11-27,delivered,debit_card,Jeddah,0.0
ORD-10330,CUST-1121,PROD-135,3,129.14,387.41,2024-02-05,pending,cash_on_delivery,Muscat,0.0
ORD-10592,CUST-1084,PROD-125,10,107.24,1072.37,2023-10-10,cancelled,cash_on_delivery,Dubai,0.0
ORD-10885,CUST-1056,PROD-139,10,144.8,1448.01,2023-01-10,delivered,paypal,Sydney,0.0
ORD-10172,CUST-1122,PROD-134,1,128.11,128.11,2024-02-08,shipped,credit_card,,15.0
ORD-10743,CUST-1017,PROD-120,6,232.47,1394.84,2024-11-04,pending,cash_on_delivery,,0.0
ORD-10606,CUST-1035,PROD-129,8,72.84,582.73,2023-06-12,processing,debit_card,London,0.0
ORD-10314,CUST-1175,PROD-119,5,172.93,864.67,2024-12-05,pending,cash_on_delivery,Beirut,0.0
ORD-10303,CUST-1136,PROD-119,2,230.51,461.01,2024-02-19,cancelled,apple_pay,London,20.0
ORD-10558,CUST-1031,PROD-122,8,106.17,849.35,2024-10-22,processing,paypal,Berlin,0.0
ORD-10683,CUST-1191,PROD-148,3,81.07,243.21,2024-01-24,pending,paypal,Jeddah,10.0
ORD-10912,CUST-1101,PROD-137,4,104.3,417.21,2023-08-29,shipped,bank_transfer,Abu Dhabi,5.0
ORD-10076,CUST-1040,PROD-146,7,199.0,1393.01,2024-05-13,pending,debit_card,London,20.0
ORD-10458,CUST-1195,PROD-127,5,193.96,969.81,2023-12-23,delivered,paypal,Dubai,0.0
ORD-10223,CUST-1157,PROD-131,6,217.36,1304.16,2023-09-10,returned,apple_pay,Berlin,0.0
ORD-10194,CUST-1059,PROD-120,9,198.2,1783.78,2023-12-22,shipped,debit_card,Dubai,0.0
ORD-10124,CUST-1141,PROD-127,10,123.32,1233.18,2024-06-04,completed,bank_transfer,Muscat,0.0
ORD-10385,CUST-1178,PROD-122,7,194.97,1364.81,2023-11-05,cancelled,apple_pay,Abu Dhabi,20.0
ORD-10587,CUST-1042,PROD-111,6,225.47,1352.81,2023-05-26,completed,debit_card,Sydney,0.0
ORD-10559,CUST-1172,PROD-115,1,225.55,225.55,2024-02-29,cancelled,cash_on_delivery,Muscat,0.0
ORD-10507,CUST-1048,PROD-137,3,61.2,183.6,2023-05-16,completed,paypal,Dubai,0.0
ORD-10999,CUST-1192,PROD-107,5,211.61,1058.05,2023-01-10,completed,credit_card,Riyadh,0.0
ORD-10325,CUST-1031,PROD-114,7,182.67,1278.72,2023-10-13,processing,bank_transfer,Kuwait City,20.0
ORD-10685,CUST-1039,PROD-134,10,56.61,566.12,2024-12-20,delivered,paypal,Toronto,15.0
ORD-10525,CUST-1090,PROD-141,5,60.34,301.71,2024-12-01,completed,paypal,Cairo,0.0
ORD-10844,CUST-1004,PROD-132,5,125.6,627.98,2024-11-16,completed,paypal,Doha,0.0
ORD-10243,CUST-1001,PROD-119,1,173.33,173.33,2024-08-31,delivered,paypal,,20.0
ORD-10768,CUST-1155,PROD-133,7,15.31,107.2,2023-04-21,shipped,bank_transfer,London,0.0
ORD-10224,CUST-1133,PROD-106,8,116.94,935.52,2023-02-13,delivered,credit_card,Doha,0.0
ORD-10115,CUST-1028,PROD-108,1,245.48,245.48,2023-06-13,returned,bank_transfer,Muscat,0.0
ORD-10000,CUST-1088,PROD-144,2,137.59,275.17,2023-03-03,delivered,debit_card,London,0.0
ORD-10167,CUST-1197,PROD-115,6,240.5,1443.02,2024-04-14,delivered,paypal,Jeddah,0.0
ORD-10617,CUST-1088,PROD-104,7,151.55,1060.82,2024-09-19,completed,credit_card,Jeddah,0.0
ORD-10080,CUST-1147,PROD-141,4,44.85,179.4,2023-03-17,completed,credit_card,Berlin,0.0
ORD-10104,CUST-1033,PROD-139,7,160.2,1121.43,2024-02-18,delivered,cash_on_delivery,Berlin,0.0
ORD-10694,CUST-1035,PROD-131,4,15.84,63.36,2023-06-11,cancelled,credit_card,Beirut,10.0
ORD-10168,CUST-1105,PROD-122,9,136.23,1226.11,2024-12-18,shipped,credit_card,Riyadh,0.0
ORD-10929,CUST-1016,PROD-149,5,241.46,1207.3,2023-04-27,cancelled,paypal,Amman,5.0
ORD-10920,CUST-1118,PROD-142,7,197.01,1379.09,2023-11-28,delivered,debit_card,,10.0
ORD-10869,CUST-1189,PROD-138,10,10.8,108.01,2024-05-23,cancelled,credit_card,Kuwait City,0.0
ORD-10209,CUST-1102,PROD-132,7,194.59,1362.11,2023-05-14,returned,paypal,London,15.0
ORD-10475,CUST-1070,PROD-145,10,122.18,1221.79,2023-08-09,delivered,paypal,Dubai,10.0
ORD-10081,CUST-1041,PROD-146,2,139.03,278.05,2023-04-06,shipped,debit_card,Amman,15.0
ORD-10949,CUST-1068,PROD-146,6,132.9,797.38,2024-12-07,completed,credit_card,Cairo,20.0
ORD-10557,CUST-1026,PROD-131,10,232.17,2321.71,2023-04-13,cancelled,bank_transfer,Sydney,0.0
ORD-10478,CUST-1117,PROD-141,3,146.4,439.21,2024-03-28,delivered,paypal,Dubai,0.0
ORD-10111,CUST-1053,PROD-144,8,86.0,687.98,2023-01-03,returned,apple_pay,Abu Dhabi,5.0
ORD-10410,CUST-1133,PROD-146,5,52.0,260.02,2024-11-25,cancelled,credit_card,New York,0.0
ORD-10984,CUST-1150,PROD-108,7,52.7,368.92,2023-06-11,shipped,cash_on_delivery,Abu Dhabi,20.0
ORD-10937,CUST-1012,PROD-117,5,211.16,1055.8,2024-07-17,cancelled,paypal,Beirut,0.0
ORD-10353,CUST-1107,PROD-111,7,199.15,1394.07,2023-01-30,processing,apple_pay,Doha,10.0
ORD-10952,CUST-1062,PROD-120,1,215.16,215.16,2024-01-01,completed,credit_card,Berlin,10.0
ORD-10732,CUST-1116,PROD-149,5,9.77,48.86,2024-12-22,completed,cash_on_delivery,Beirut,0.0
ORD-10366,CUST-1126,PROD-133,9,25.57,230.15,2024-04-24,pending,paypal,Cairo,0.0
ORD-10321,CUST-1093,PROD-144,10,50.36,503.56,2024-11-20,completed,cash_on_delivery,Abu Dhabi,10.0
ORD-10953,CUST-1059,PROD-126,1,55.22,55.22,2024-02-27,pending,paypal,Dubai,20.0
ORD-10977,CUST-1070,PROD-121,3,119.09,357.28,2024-12-14,completed,paypal,Berlin,15.0
ORD-10135,CUST-1097,PROD-107,7,67.86,475.05,2023-10-17,cancelled,credit_card,New York,15.0
ORD-10959,CUST-1039,PROD-126,2,111.48,222.96,2024-12-17,returned,cash_on_delivery,Riyadh,15.0
ORD-10091,CUST-1077,PROD-119,5,211.5,1057.49,2024-12-13,delivered,bank_transfer,Abu Dhabi,15.0
ORD-10237,CUST-1076,PROD-132,9,84.36,759.25,2023-01-07,completed,paypal,Amman,0.0
ORD-10464,CUST-1031,PROD-117,2,88.83,177.65,2024-08-22,completed,credit_card,Kuwait City,0.0
ORD-10207,CUST-1162,PROD-149,7,18.26,127.83,2024-06-20,pending,debit_card,London,0.0
ORD-10203,CUST-1092,PROD-128,8,240.16,1921.26,2023-01-01,pending,paypal,Dubai,20.0
